AnimalID,CaseID,Received_Date,Report_Date,PCR_Result,ELISA_Result,ELISA_Level,Lab_Notes,Notes,VetPak,PermID,Cap_Date,Source,Herd,Wt_kg,Sex,Age,Class,Rump_mm,Preg,Age2,Year
1055,22-26855,2022-09-15,2022-10-27,1,1,87.81,NA,Hunter Harvest,NA,NA,NA,NA,GH,NA,M,5,NA,NA,NA,A,NA
1106,22-26855,2022-09-15,2022-10-27,1,1,87.94,NA,Hunter Harvest,NA,NA,NA,NA,WH,NA,M,8,NA,NA,NA,A,NA
1144,22-26855,2022-09-15,2022-10-27,0.5,1,87.64,NA,Hunter Harvest,NA,NA,NA,NA,RR,NA,M,8,NA,NA,NA,A,NA
2018-20,2018-2875,2018-03-07,2018-03-14,1,NA,NA,NA,"No ELISA Result in Report, hunter harvest",NA,NA,NA,NA,NA,NA,NA,NA,NA,NA,NA,NA,NA
2018-21,18-06960,2018-03-08,2018-03-19,0,NA,NA,NA,"No ELISA Result in Report, hunter harvest, RGG Ewe Hunt 1",NA,NA,NA,NA,NA,NA,NA,NA,NA,NA,NA,NA,NA
2018-22,18-06960,2018-03-08,2018-03-19,0,NA,NA,NA,"No ELISA Result in Report, hunter harvest, RGG Ewe Hunt 1",NA,NA,NA,NA,NA,NA,NA,NA,NA,NA,NA,NA,NA
2018-23,18-06960,2018-03-08,2018-03-19,0,NA,NA,NA,"No ELISA Result in Report, hunter harvest, RGG Ewe Hunt 1",NA,NA,NA,NA,NA,NA,NA,NA,NA,NA,NA,NA,NA
2018-24,18-06960,2018-03-08,2018-03-19,0,NA,NA,NA,"No ELISA Result in Report, hunter harvest, RGG Ewe Hunt 1",NA,NA,NA,NA,NA,NA,NA,NA,NA,NA,NA,NA,NA
2018-25,18-06960,2018-03-08,2018-03-19,0,NA,NA,NA,"No ELISA Result in Report, hunter harvest, RGG Ewe Hunt 1",NA,NA,NA,NA,NA,NA,NA,NA,NA,NA,NA,NA,NA
2018-26,18-06960,2018-03-08,2018-03-19,0,NA,NA,NA,"No ELISA Result in Report, hunter harvest, RGG Ewe Hunt 1",NA,NA,NA,NA,NA,NA,NA,NA,NA,NA,NA,NA,NA
2018-27,18-06960,2018-03-08,2018-03-19,0,NA,NA,NA,"No ELISA Result in Report, hunter harvest, RGG Ewe Hunt 1",NA,NA,NA,NA,NA,NA,NA,NA,NA,NA,NA,NA,NA
2018-28,18-06960,2018-03-08,2018-03-19,0,NA,NA,NA,"No ELISA Result in Report, hunter harvest, RGG Ewe Hunt 1",NA,NA,NA,NA,NA,NA,NA,NA,NA,NA,NA,NA,NA
2018-29,18-06960,2018-03-08,2018-03-19,0,NA,NA,NA,"No ELISA Result in Report, hunter harvest, RGG Ewe Hunt 1",NA,NA,NA,NA,NA,NA,NA,NA,NA,NA,NA,NA,NA
2018-30,18-06960,2018-03-08,2018-03-19,0,NA,NA,NA,"No ELISA Result in Report, hunter harvest, RGG Ewe Hunt 1",NA,NA,NA,NA,NA,NA,NA,NA,NA,NA,NA,NA,NA
2018-31,18-06960,2018-03-08,2018-03-19,0,NA,NA,NA,"No ELISA Result in Report, hunter harvest, RGG Ewe Hunt 1",NA,NA,NA,NA,NA,NA,NA,NA,NA,NA,NA,NA,NA
2018-40,18-07085,2018-03-09,2018-05-23,1,NA,NA,NA,"No ELISA Result in Report, hunter harvest",NA,NA,NA,NA,NA,NA,NA,NA,NA,NA,NA,NA,NA
2018-54,18-08342,2018-03-20,2018-04-25,0,0,15.612,NA,"Hunter Harvest, RGG Ewe Hunt 3",NA,NA,NA,NA,NA,NA,NA,NA,NA,NA,NA,NA,NA
2018-55,18-08342,2018-03-20,2018-04-25,0,0,3.776,NA,"Hunter Harvest, RGG Ewe Hunt 3",NA,NA,NA,NA,NA,NA,NA,NA,NA,NA,NA,NA,NA
2018-56,18-08342,2018-03-20,2018-04-25,0,0,4.49,NA,"Hunter Harvest, RGG Ewe Hunt 3",NA,NA,NA,NA,NA,NA,NA,NA,NA,NA,NA,NA,NA
2018-57,18-08342,2018-03-20,2018-04-25,0,0,-7.959,NA,"Hunter Harvest, RGG Ewe Hunt 3",NA,NA,NA,NA,NA,NA,NA,NA,NA,NA,NA,NA,NA
2018-58,18-08342,2018-03-20,2018-04-25,0,0,-12.347,NA,"Hunter Harvest, RGG Ewe Hunt 3",NA,NA,NA,NA,NA,NA,NA,NA,NA,NA,NA,NA,NA
2018-59,18-08342,2018-03-20,2018-04-25,0,0,-36.939,NA,"Hunter Harvest, RGG Ewe Hunt 3",NA,NA,NA,NA,NA,NA,NA,NA,NA,NA,NA,NA,NA
2018-60,18-08342,2018-03-20,2018-04-25,0,0,-51.02,NA,"Hunter Harvest, RGG Ewe Hunt 3",NA,NA,NA,NA,NA,NA,NA,NA,NA,NA,NA,NA,NA
2018-61,18-08342,2018-03-20,2018-04-25,0,0,-18.98,NA,"Hunter Harvest, RGG Ewe Hunt 3",NA,NA,NA,NA,NA,NA,NA,NA,NA,NA,NA,NA,NA
2018-62,18-08342,2018-03-20,2018-04-25,0,0,-16.327,NA,"Hunter Harvest, RGG Ewe Hunt 3",NA,NA,NA,NA,NA,NA,NA,NA,NA,NA,NA,NA,NA
2018-63,18-08342,2018-03-20,2018-04-25,0,0,-14.592,NA,"Hunter Harvest, RGG Ewe Hunt 3",NA,NA,NA,NA,NA,NA,NA,NA,NA,NA,NA,NA,NA
2018-64,18-08342,2018-03-20,2018-04-25,0,0,10.306,NA,"Hunter Harvest, RGG Ewe Hunt 3",NA,NA,NA,NA,NA,NA,NA,NA,NA,NA,NA,NA,NA
2018-68,2018-3932,2018-03-29,2018-04-10,0,0,13.418,NA,"Hunter Harvest, RGG Ewe Hunt 4",NA,NA,NA,NA,NA,NA,NA,NA,NA,NA,NA,NA,NA
2018-69,2018-3932,2018-03-29,2018-04-10,0,0,6.582,NA,"Hunter Harvest, RGG Ewe Hunt 4",NA,NA,NA,NA,NA,NA,NA,NA,NA,NA,NA,NA,NA
2018-70,2018-3932,2018-03-29,2018-04-10,0,0,12.468,NA,"Hunter Harvest, RGG Ewe Hunt 4",NA,NA,NA,NA,NA,NA,NA,NA,NA,NA,NA,NA,NA
2018-71,2018-3932,2018-03-29,2018-04-10,0,0,2.69,NA,"Hunter Harvest, RGG Ewe Hunt 4",NA,NA,NA,NA,NA,NA,NA,NA,NA,NA,NA,NA,NA
2018-72,2018-3932,2018-03-29,2018-04-10,0,0,-21.139,NA,"Hunter Harvest, RGG Ewe Hunt 4",NA,NA,NA,NA,NA,NA,NA,NA,NA,NA,NA,NA,NA
2018-73,2018-3932,2018-03-29,2018-04-10,0,0,0.696,NA,"Hunter Harvest, RGG Ewe Hunt 4",NA,NA,NA,NA,NA,NA,NA,NA,NA,NA,NA,NA,NA
2020-02,2021-58,2021-01-04,2021-02-09,0,NA,NA,NA,"Hunter Harvest, No ELISA Results in report",NA,NA,NA,NA,NA,NA,NA,NA,NA,NA,NA,NA,NA
2020-03,2021-58,2021-01-04,2021-02-09,0,1,77.657,NA,Hunter Harvest,NA,NA,NA,NA,NA,NA,NA,NA,NA,NA,NA,NA,NA
2020-04,2020-17120,2020-12-22,2022-01-13,0,0,-7.226,NA,Hunter Harvest,NA,NA,NA,NA,NA,NA,NA,NA,NA,NA,NA,NA,NA
2020-05,2020-17120,2020-12-22,2022-01-13,0,1,86.382,NA,Hunter Harvest,NA,NA,NA,NA,NA,NA,NA,NA,NA,NA,NA,NA,NA
2020-06,2020-17120,2020-12-22,2022-01-13,0,1,79.668,NA,Hunter Harvest,NA,NA,NA,NA,NA,NA,NA,NA,NA,NA,NA,NA,NA
2020-112,20-25610,2020-09-18,2020-10-09,0,1,67.807,NA,Hunter Harvest,NA,NA,NA,NA,NA,NA,NA,NA,NA,NA,NA,NA,NA
2020-119-Wesley Cox,20-27698,2020-10-16,2020-11-04,0,1,50.729,NA,Hunter Harvest,NA,NA,NA,NA,NA,NA,NA,NA,NA,NA,NA,NA,NA
V22-25323-1128,W222380049,2022-08-26,2022-09-06,0,0,-29.01,NA,Hunter Harvest,NA,NA,NA,NA,NA,NA,NA,NA,NA,NA,NA,NA,NA
V22-25324-1115,W222380049,2022-08-26,2022-09-06,1,1,76.12,NA,Hunter Harvest,NA,NA,NA,NA,NA,NA,NA,NA,NA,NA,NA,NA,NA
V22-25325-1059,W222380049,2022-08-26,2022-09-06,0,0,-28.64,NA,Hunter Harvest,NA,NA,NA,NA,NA,NA,NA,NA,NA,NA,NA,NA,NA
V22-25326-0990,W222380049,2022-08-26,2022-09-06,NA,0,-23.11,NA,"Hunter Harvest, Swabs and blood placed in wrong tube, no PCR result in Report",NA,NA,NA,NA,NA,NA,NA,NA,NA,NA,NA,NA,NA
V22-25327-1118,W222380049,2022-08-26,2022-09-06,0,0,-38.38,NA,Hunter Harvest,NA,NA,NA,NA,NA,NA,NA,NA,NA,NA,NA,NA,NA
V22-25328-0923,W222380049,2022-08-26,2022-09-06,1,1,82.3,NA,Hunter Harvest,NA,NA,NA,NA,NA,NA,NA,NA,NA,NA,NA,NA,NA
V22-25329-1067,W222380049,2022-08-26,2022-09-06,NA,1,80.33,NA,"Hunter Harvest, No PCR Result in Report",NA,NA,NA,NA,NA,NA,NA,NA,NA,NA,NA,NA,NA
V22-25330-1095,W222380049,2022-08-26,2022-09-06,0,NA,NA,NA,"Hunter Harvest, No ELISA Result in Report",NA,NA,NA,NA,NA,NA,NA,NA,NA,NA,NA,NA,NA
V23-0868-1069,W230240027,2023-01-24,2023-02-03,1,1,80.92,NA,Hunter Harvest,NA,NA,NA,NA,NA,NA,NA,NA,NA,NA,NA,NA,NA
767,2020-14842,2020-11-04,2020-11-13,0,1,71.409,NA,NA,NA,NA,NA,NA,NA,NA,NA,NA,NA,NA,NA,NA,NA
2016-24,16-01726,2016-01-27,2016-02-25,0,NA,NA,NA,"Full necropsy, seen coughing and collected lethally. No ELISA results",NA,NA,NA,NA,NA,NA,NA,NA,NA,NA,NA,NA,NA
2018-10,18-00895,2018-01-12,2018-02-08,0,0,NA,NA,"No level for ELISA in Report, RGG Cull",NA,NA,NA,NA,NA,NA,NA,NA,NA,NA,NA,NA,NA
2018-105,2018-14619,2018-11-27,2018-12-05,0,1,74.836,Swab and Tissue Pool,No ELISA Results in Report,NA,NA,NA,NA,NA,NA,NA,NA,NA,NA,NA,NA,NA
2018-106,2018-15050,2018-12-06,2018-12-11,0,NA,NA,Lung Sample,No ELISA Results in Report,NA,NA,NA,NA,NA,NA,NA,NA,NA,NA,NA,NA,NA
2018-11,18-00895,2018-01-12,2018-02-08,0,0,NA,NA,"No level for ELISA in Report, RGG Cull",NA,NA,NA,NA,NA,NA,NA,NA,NA,NA,NA,NA,NA
2018-12,18-00895,2018-01-12,2018-02-08,0,0,NA,NA,"No level for ELISA in Report, RGG Cull",NA,NA,NA,NA,NA,NA,NA,NA,NA,NA,NA,NA,NA
2018-7,18-00895,2018-01-12,2018-02-08,0,0,NA,NA,"No level for ELISA in Report, RGG Cull",NA,NA,NA,NA,NA,NA,NA,NA,NA,NA,NA,NA,NA
2018-79,18-17439,2018-05-21,2018-05-31,0,NA,NA,NA,"No ELISA Results in Report, RGG Ram Capture",NA,NA,NA,NA,NA,NA,NA,NA,NA,NA,NA,NA,NA
2018-8,18-00895,2018-01-12,2018-02-08,0,0,NA,NA,"No level for ELISA in Report, RGG Cull",NA,NA,NA,NA,NA,NA,NA,NA,NA,NA,NA,NA,NA
2018-80,18-17439,2018-05-21,2018-05-31,0,0,-0.184,NA,"No ELISA Results in Report, RGG Ram Capture",NA,NA,NA,NA,NA,NA,NA,NA,NA,NA,NA,NA,NA
2018-81,18-17439,2018-05-21,2018-05-31,0,0,-10.415,NA,"No ELISA Results in Report, RGG Ram Capture",NA,NA,NA,NA,NA,NA,NA,NA,NA,NA,NA,NA,NA
2018-9,18-00895,2018-01-12,2018-02-08,0,0,NA,NA,"No level for ELISA in Report, RGG Cull",NA,NA,NA,NA,NA,NA,NA,NA,NA,NA,NA,NA,NA
2018-96,2018-10394,2018-08-22,2018-08-29,0,NA,NA,NA,No ELISA Results in Report,NA,NA,NA,NA,NA,NA,NA,NA,NA,NA,NA,NA,NA
2019-20,2019-8623,2019-06-20,2019-06-25,0,NA,NA,NA,No ELISA Results in Report,NA,NA,NA,NA,NA,NA,NA,NA,NA,NA,NA,NA,NA
2019-40,2019-13191,2019-09-19,2019-09-25,0,0,-9.936,NA,NA,NA,NA,NA,NA,NA,NA,NA,NA,NA,NA,NA,NA,NA
2019-41,2019-13191,2019-09-19,2019-09-25,0,0,1.104,NA,NA,NA,NA,NA,NA,NA,NA,NA,NA,NA,NA,NA,NA,NA
2019-44,2019-14683,2019-10-17,2019-10-23,0,0,7.975,NA,NA,NA,NA,NA,NA,NA,NA,NA,NA,NA,NA,NA,NA,NA
2019-55,2019-16670,2019-11-26,2019-12-06,0,1,83.507,NA,NA,NA,NA,NA,NA,NA,NA,NA,NA,NA,NA,NA,NA,NA
2019-56,2019-16670,2019-11-26,2019-12-06,0,1,87.11,NA,NA,NA,NA,NA,NA,NA,NA,NA,NA,NA,NA,NA,NA,NA
2019-58,2019-17119,2019-12-06,2019-12-18,0,1,89.677,NA,NA,NA,NA,NA,NA,NA,NA,NA,NA,NA,NA,NA,NA,NA
2019-59,2019-17119,2019-12-06,2019-12-18,0,1,83.676,NA,NA,NA,NA,NA,NA,NA,NA,NA,NA,NA,NA,NA,NA,NA
2019-60,2019-17119,2019-12-06,2019-12-18,0,1,60.229,NA,NA,NA,NA,NA,NA,NA,NA,NA,NA,NA,NA,NA,NA,NA
2019-61,2019-17119,2019-12-06,2019-12-18,0,0,17.498,NA,NA,NA,NA,NA,NA,NA,NA,NA,NA,NA,NA,NA,NA,NA
2020-107,2020-11461,2020-09-01,2020-09-11,0,0,-23.83,NA,Vermejo Ewe,NA,NA,NA,NA,NA,NA,NA,NA,NA,NA,NA,NA,NA
2020-120,2020-14762,2020-11-03,2020-11-13,0,NA,NA,NA,No ELISA Results in Report,NA,NA,NA,NA,NA,NA,NA,NA,NA,NA,NA,NA,NA
2020-126,20-32967,2020-12-15,2021-01-14,0,1,86.625,NA,"No Animal ID on report, report ID used",NA,NA,NA,NA,NA,NA,NA,NA,NA,NA,NA,NA,NA
2020-70,2020-6884,2020-05-29,2020-06-01,0,NA,NA,Lung Sample,No ELISA Results in Report,NA,NA,NA,NA,NA,NA,NA,NA,NA,NA,NA,NA,NA
2021-28,21-20754,2021-06-16,2021-08-23,0,NA,NA,Tissue Sample,No ELISA Results in Report,NA,NA,NA,NA,NA,NA,NA,NA,NA,NA,NA,NA,NA
2022-2,22-01509,2022-01-19,2022-02-08,1,NA,NA,NA,"Full Necropsy Ram, Red River, No ELISA Result",NA,NA,NA,NA,NA,NA,NA,NA,NA,NA,NA,NA,NA
NM18-101,2018-12997,2018-10-18,2018-10-23,0,NA,NA,NA,No ELISA Results in Report,NA,NA,NA,NA,NA,NA,NA,NA,NA,NA,NA,NA,NA
O40/B27,20-15867,2020-05-18,2020-06-30,0,0,-8.793,NA,NA,NA,NA,NA,NA,NA,NA,NA,NA,NA,NA,NA,NA,NA
P1551,2021-17676,2021-11-09,2021-11-15,0,NA,NA,NA,ELISA Results outstanding 11/26/2021,NA,NA,NA,NA,NA,NA,NA,NA,NA,NA,NA,NA,NA
P1809,2021-17676,2021-11-09,2021-11-15,0,NA,NA,NA,ELISA Results outstanding 11/26/2021,NA,NA,NA,NA,NA,NA,NA,NA,NA,NA,NA,NA,NA
Y-45,20-15867,2020-05-18,2020-06-30,1,1,80.966,NA,NA,NA,NA,NA,NA,NA,NA,NA,NA,NA,NA,NA,NA,NA
Y585,2021-17676,2021-11-09,2021-11-15,0,NA,NA,NA,ELISA Results outstanding 11/26/2021,NA,NA,NA,NA,NA,NA,NA,NA,NA,NA,NA,NA,NA
B10,20-15867,2020-05-18,2020-06-30,1,0,39.76,NA,NA,NA,RG38,2020-03-11,NA,RGG,NA,F,3.5,NA,NA,NA,A,NA
B15,20-13367,2020-04-28,2020-06-30,1,0,4.242,NA,NA,NA,RG57,2020-04-17,NA,RGG,NA,F,4,NA,NA,NA,A,NA
B18,20-16757,2020-05-27,2020-06-30,0,1,52.582,NA,NA,NA,RR8,2020-05-21,NA,RGG,NA,F,11,NA,NA,NA,A,NA
B2,20-13367,2020-04-28,2020-06-30,1,0,17.731,NA,NA,NA,RG43,2020-04-22,NA,RGG,NA,F,3,NA,NA,NA,A,NA
B21,20-13367,2020-04-28,2020-06-30,0,0,2.397,NA,NA,NA,RG50,2020-04-22,NA,RGG,NA,F,3,NA,NA,NA,A,NA
B29,20-11847,2020-04-14,2020-06-30,0,0,0.886,NA,NA,NA,RG37,2020-04-13,NA,RGG,NA,F,2,NA,NA,NA,Y,NA
B37,20-16757,2020-05-27,2020-06-30,0,0,7.636,NA,NA,NA,RR6,2020-05-21,NA,RGG,NA,F,11,NA,NA,NA,A,NA
B50,20-13367,2020-04-28,2020-06-30,1,0,9.968,NA,NA,NA,RG51,2020-04-21,NA,RGG,NA,F,2,NA,NA,NA,Y,NA
B82,2022-4968,2022-04-06,2022-04-26,1,1,62.418,NA,NA,NA,RR12,2022-03-30,NA,RRiv,NA,F,NA,NA,NA,NA,NA,NA
G527,2017-15552,2017-12-05,2017-12-08,0,1,79.382,NA,NA,NA,SAE195,2017-12-02,NA,SA,NA,F,4-5,NA,NA,NA,4-5,NA
G579,2017-15552,2017-12-05,2017-12-08,NA,1,86.671,NA,No PCR Result in Report,NA,SAE191,2017-12-02,NA,SA,NA,F,1,NA,NA,NA,Y,NA
O27,20-13367,2020-04-28,2020-06-30,0,0,-3.902,NA,NA,NA,RG54,2020-04-17,NA,RGG,NA,M,6,NA,NA,NA,A,NA
O28,20-13367,2020-04-28,2020-06-30,1,1,78.24,NA,NA,NA,RG56,2020-04-22,NA,RGG,NA,F,5,NA,NA,NA,A,NA
O29,20-15867,2020-05-18,2020-06-30,1,1,67.008,NA,NA,NA,RG44,2020-05-08,NA,RGG,NA,F,2,NA,NA,NA,Y,NA
O31,20-11847,2020-04-14,2020-06-30,1,1,56.373,NA,NA,NA,RG33,2020-04-08,NA,RGG,NA,M,5,NA,NA,NA,A,NA
O32,2020-14764,2020-11-02,2020-11-13,0,0,-28.025,NA,NA,NA,LA117,0020-10-30,NA,LA,NA,M,1,NA,NA,NA,Y,NA
O38,20-15867,2020-05-18,2020-06-30,1,0.5,47.707,NA,NA,NA,RG52,2020-05-08,NA,RGG,NA,F,4,NA,NA,NA,A,NA
O39,20-15867,2020-05-18,2020-06-30,NA,0,29.007,NA,NA,NA,RG53,2020-05-08,NA,RGG,NA,M,3,NA,NA,NA,A,NA
O46,20-15867,2020-05-18,2020-06-30,0,0,2.894,NA,NA,NA,RG58,2020-05-13,NA,RGG,NA,M,6,NA,NA,NA,A,NA
O47,20-15867,2020-05-18,2020-06-30,1,1,79.964,NA,NA,NA,RG31,2020-05-13,NA,RGG,NA,M,4,NA,NA,NA,A,NA
O48,2020-14764,2020-11-02,2020-11-13,0,0,-13.08,NA,NA,NA,LA118,0020-10-30,NA,LA,NA,M,1,NA,NA,NA,Y,NA
O49,2020-14842,2020-11-04,2020-11-13,0,0,-21.011,NA,NA,NA,LA116,0020-10-30,NA,LA,NA,F,1,NA,NA,NA,Y,NA
P1002,2020-14842,2020-11-04,2020-11-13,0,0,-23.033,NA,NA,NA,LA108,0020-10-29,NA,LA,NA,F,2,NA,NA,NA,Y,NA
P1003,2020-14764,2020-11-02,2020-11-13,0,0,-33.854,NA,NA,NA,LH213,2020-10-28,NA,LH,68,F,5,NA,NA,NA,A,NA
P1004,2020-14764,2020-11-02,2020-11-13,0,1,85.997,NA,NA,NA,SAC054,2020-10-29,CAB,SAC,66,F,6,NA,NA,NA,A,NA
P1005,2020-14764,2020-11-02,2020-11-13,0,1,86.305,NA,NA,NA,SAC056,2020-10-29,CAB,SAC,62,F,4,NA,NA,NA,A,NA
P1006,2020-14764,2020-11-02,2020-11-13,0,1,70.549,NA,NA,NA,SAC043,2020-10-29,CAB,SAC,62,F,4,NA,NA,NA,A,NA
P1007,2020-14842,2020-11-04,2020-11-13,0,0,33.889,NA,NA,NA,SAC042,2020-10-29,CAB,SAC,64,F,3,NA,NA,NA,A,NA
P1008,2020-14764,2020-11-02,2020-11-13,0,0,-15.694,NA,NA,NA,LH204,2020-10-28,NA,LH,90,M,6,NA,NA,NA,A,NA
P1009,2020-14764,2020-11-02,2020-11-13,0,0,-19.956,NA,NA,NA,LH205,2020-10-28,NA,LH,80,F,6,NA,NA,NA,A,NA
P1010,2020-14764,2020-11-02,2020-11-13,0,0,-20.565,NA,NA,NA,PE221,2020-10-26,NA,PE,62,F,4,NA,NA,NA,A,NA
P1011,2020-14764,2020-11-02,2020-11-13,0,1,60.645,NA,NA,NA,SAC048,2020-10-29,CAB,SAC,62,F,4,NA,NA,NA,A,NA
P1012,2020-14764,2020-11-02,2020-11-13,0,1,83.992,NA,NA,NA,SAC046,2020-10-29,CAB,SAC,61,F,6,NA,NA,NA,A,NA
P1013,2020-14764,2020-11-02,2020-11-13,0,0,-25.533,NA,NA,NA,LH212,2020-10-28,NA,LH,61,F,2,NA,NA,NA,Y,NA
P1015,2020-14764,2020-11-02,2020-11-13,0,0,-7.26,NA,NA,NA,LA109,0020-10-29,NA,LA,NA,F,4,NA,NA,NA,A,NA
P1016,2020-14842,2020-11-04,2020-11-13,1,1,54.419,NA,NA,NA,SAC039,2020-10-29,CAB,SAC,62,F,6,NA,NA,NA,A,NA
P1017,2020-14764,2020-11-02,2020-11-13,0,1,57.284,NA,NA,NA,SAC049,2020-10-29,CAB,SAC,47,F,1,NA,NA,NA,Y,NA
P1018,2020-14842,2020-11-04,2020-11-13,0,1,84.219,P1018 on tube,NA,NA,LA111,0020-10-30,NA,LA,63,F,4,NA,NA,NA,A,NA
P1019,2020-14764,2020-11-02,2020-11-13,0,0.5,42.745,NA,NA,NA,SAC047,2020-10-29,CAB,SAC,67,F,6,NA,NA,NA,A,NA
P1020,2020-14764,2020-11-02,2020-11-13,0,1,81.256,NA,NA,NA,SAC052,2020-10-29,CAB,SAC,56,F,3,NA,NA,NA,A,NA
P1021,2020-14764,2020-11-02,2020-11-13,0,0,-32.953,NA,NA,NA,LH208,2020-10-28,NA,LH,58,F,3,NA,NA,NA,A,NA
P1022,2020-14764,2020-11-02,2020-11-13,0,0,-20.922,NA,NA,NA,PE217,2020-10-26,NA,PE,69,F,6,NA,NA,NA,A,NA
P1023,2020-14842,2020-11-04,2020-11-13,0,1,63.973,NA,NA,NA,LA107,0020-10-29,NA,LA,NA,F,3,NA,NA,NA,A,NA
P1024,2020-14764,2020-11-02,2020-11-13,0,1,62.861,NA,NA,NA,SAC044,2020-10-29,CAB,SAC,52,F,1,NA,NA,NA,Y,NA
P1025,2020-14764,2020-11-02,2020-11-13,0,0,29.668,NA,NA,NA,SAC035,2020-10-29,CAB,SAC,53,F,NA,NA,NA,NA,NA,NA
P1194,2022-4968,2022-04-06,2022-04-26,0,0,15.585,NA,NA,NA,RR38,2022-03-30,NA,RRiv,NA,F,NA,NA,NA,NA,NA,NA
P1197,2022-4968,2022-04-06,2022-04-26,0,0,25.844,NA,NA,NA,RR29,2022-03-30,NA,RRiv,NA,F,NA,NA,NA,NA,NA,NA
P1198,2022-4968,2022-04-06,2022-04-26,0.5,0.5,45.605,NA,NA,NA,RR30,2022-03-30,NA,RRiv,NA,F,6,NA,NA,NA,A,NA
P1536,21-26189,2021-08-24,2021-09-28,0,0,4.397,NA,NA,NA,RR23,2021-08-17,NA,GH,NA,F,A,NA,NA,NA,A,NA
P1537,21-26189,2021-08-24,2021-09-28,0,0,16.022,NA,NA,NA,RR24,2021-08-17,NA,GH,NA,F,A,NA,NA,NA,A,NA
P1552,2021-17676,2021-11-09,2021-11-15,0,NA,NA,NA,ELISA Results outstanding 11/26/2021,NA,AH29,2021-11-02,RRoc,AH,47,F,1,NA,NA,na,Y,NA
P1554,2021-17676,2021-11-09,2021-11-15,0,NA,NA,NA,ELISA Results outstanding 11/26/2021,NA,AH33,2021-11-02,RRoc,AH,58,F,4,NA,NA,1,A,NA
P1555,2021-17676,2021-11-09,2021-11-15,0,NA,NA,NA,ELISA Results outstanding 11/26/2021,NA,AH32,2021-11-02,RRoc,AH,70,F,4,NA,NA,1,A,NA
P1557,2021-17676,2021-11-09,2021-11-15,0,NA,NA,NA,ELISA Results outstanding 11/26/2021,NA,AH36,2021-11-02,RRoc,AH,46,F,2,NA,NA,NA,Y,NA
P1558,2021-17676,2021-11-09,2021-11-15,0,NA,NA,NA,ELISA Results outstanding 11/26/2021,NA,AH35,2021-11-02,RRoc,AH,56,F,1,NA,0.24,0,Y,NA
P1559,2021-17676,2021-11-09,2021-11-15,0,NA,NA,NA,ELISA Results outstanding 11/26/2021,NA,AH41,2021-11-02,RRoc,AH,62,F,3,NA,0.44,1,A,NA
P1561,2021-17676,2021-11-09,2021-11-15,0,NA,NA,NA,ELISA Results outstanding 11/26/2021,NA,FC124,2021-10-31,NA,FC,49,F,2.5,NA,NA,NA,A,NA
P1562,2021-17676,2021-11-09,2021-11-15,0,NA,NA,NA,ELISA Results outstanding 11/26/2021,NA,FC126,2021-10-31,NA,FC,62,F,5,NA,NA,NA,A,NA
P1563,2021-17676,2021-11-09,2021-11-15,0,NA,NA,NA,ELISA Results outstanding 11/26/2021,NA,FC127,2021-10-31,NA,FC,51,M,1,NA,NA,NA,Y,NA
P1564,2021-17676,2021-11-09,2021-11-15,0,NA,NA,NA,ELISA Results outstanding 11/26/2021,NA,FC129,2021-10-31,NA,FC,55,M,1,NA,NA,NA,Y,NA
P1565,2021-17676,2021-11-09,2021-11-15,0,NA,NA,NA,ELISA Results outstanding 11/26/2021,NA,FC132,2021-10-31,NA,FC,69,M,3,NA,NA,NA,A,NA
P1566,2021-17676,2021-11-09,2021-11-15,0,NA,NA,NA,ELISA Results outstanding 11/26/2021,NA,FC133,2021-10-31,NA,FC,73,F,6,NA,NA,NA,A,NA
P1567,2021-17676,2021-11-09,2021-11-15,0,NA,NA,NA,ELISA Results outstanding 11/26/2021,NA,FC134,2021-10-31,NA,FC,86,F,4,NA,NA,NA,A,NA
P1568,2021-17676,2021-11-09,2021-11-15,0,NA,NA,NA,ELISA Results outstanding 11/26/2021,NA,AH57,2021-11-03,RRoc,AH,61,F,3,NA,0.55,0,A,NA
P1569,2021-17676,2021-11-09,2021-11-15,0,NA,NA,NA,ELISA Results outstanding 11/26/2021,NA,AH61,2021-11-03,RRoc,AH,96,M,6,NA,0.14,NA,A,NA
P1570,2021-17676,2021-11-09,2021-11-15,0,NA,NA,NA,ELISA Results outstanding 11/26/2021,NA,AH63,2021-11-03,RRoc,AH,71,M,2.5,CI,0.27,NA,A,NA
P1571,2021-17676,2021-11-09,2021-11-15,0,NA,NA,NA,ELISA Results outstanding 11/26/2021,NA,AH59,2021-11-03,RRoc,AH,85,M,6,NA,0.38,NA,A,NA
P1572,2021-17676,2021-11-09,2021-11-15,0,NA,NA,NA,ELISA Results outstanding 11/26/2021,NA,AH66,2021-11-03,RRoc,AH,85,M,3,NA,NA,NA,A,NA
P1573,2021-17676,2021-11-09,2021-11-15,0,NA,NA,NA,ELISA Results outstanding 11/26/2021,NA,AH72,2021-11-03,RRoc,AH,100,M,10,NA,NA,NA,A,NA
P1574,2021-17676,2021-11-09,2021-11-15,0,NA,NA,NA,ELISA Results outstanding 11/26/2021,NA,AH56,2021-11-03,RRoc,AH,52,F,4,NA,0.72,1,A,NA
P1575,2021-17676,2021-11-09,2021-11-15,0,NA,NA,NA,ELISA Results outstanding 11/26/2021,NA,AH54,2021-11-03,RRoc,AH,91,M,7,NA,NA,NA,A,NA
P1576,2021-17676,2021-11-09,2021-11-15,0,NA,NA,NA,ELISA Results outstanding 11/26/2021,NA,AH65,2021-11-03,RRoc,AH,57,F,6,NA,0.67,1,A,NA
P1577,2021-17676,2021-11-09,2021-11-15,0,NA,NA,NA,ELISA Results outstanding 11/26/2021,NA,AH69,2021-11-03,RRoc,AH,47,F,1,NA,0.48,NA,Y,NA
P1578,2022-4968,2022-04-06,2022-04-26,0,0,38.645,Animal labelled 1587 but 1578 on tube,NA,NA,RR28,2022-03-29,NA,RRiv,NA,F,NA,NA,NA,NA,NA,NA
P1579,2022-4968,2022-04-06,2022-04-26,0,1,63.325,NA,NA,NA,RR33,2022-03-30,NA,RRiv,NA,F,4,NA,NA,NA,A,NA
P1580,2022-4968,2022-04-06,2022-04-26,1,0,34.603,NA,NA,NA,RR32,2022-03-30,NA,RRiv,NA,F,2,NA,NA,NA,Y,NA
P1581,2021-17676,2021-11-09,2021-11-15,0,NA,NA,NA,ELISA Results outstanding 11/26/2021,NA,AH44,2021-11-02,RRoc,AH,55,M,2,NA,0.1,NA,Y,NA
P1582,2021-17676,2021-11-09,2021-11-15,0,NA,NA,NA,ELISA Results outstanding 11/26/2021,NA,AH42,2021-11-02,RRoc,AH,49,F,2,NA,NA,0,Y,NA
P1583,2021-17676,2021-11-09,2021-11-15,0,NA,NA,NA,ELISA Results outstanding 11/26/2021,NA,AH45,2021-11-02,RRoc,AH,64,F,4,NA,0.47,NOT CHECKED,A,NA
P1584,2021-17676,2021-11-09,2021-11-15,0,NA,NA,NA,ELISA Results outstanding 11/26/2021,NA,AH48,2021-11-02,RRoc,AH,60,F,6,NA,0.34,1,A,NA
P1585,2021-17676,2021-11-09,2021-11-15,0,NA,NA,NA,ELISA Results outstanding 11/26/2021,NA,AH46,2021-11-02,RRoc,AH,63,M,2,NA,NA,NA,Y,NA
P1587,2021-17676,2021-11-09,2021-11-15,0,NA,NA,NA,ELISA Results outstanding 11/26/2021,NA,AH70,2021-11-03,RRoc,AH,54,M,1,NA,0.1,NA,Y,NA
P1589,2021-17676,2021-11-09,2021-11-15,0,NA,NA,NA,ELISA Results outstanding 11/26/2021,NA,AH68,2021-11-03,RRoc,AH,55,M,1,NA,0.06,NA,Y,NA
P1590,2021-17676,2021-11-09,2021-11-15,0,NA,NA,NA,ELISA Results outstanding 11/26/2021,NA,AH73,2021-11-03,RRoc,AH,97,M,6,NA,0.14,NA,A,NA
P1591,2021-17676,2021-11-09,2021-11-15,0,NA,NA,NA,ELISA Results outstanding 11/26/2021,NA,AH50,2021-11-02,RRoc,AH,92,M,6,NA,0.12,NA,A,NA
P1592,2021-17676,2021-11-09,2021-11-15,0,NA,NA,NA,ELISA Results outstanding 11/26/2021,NA,FC131,2021-10-31,NA,FC,60,F,3,NA,NA,NA,A,NA
P1593,2022-4968,2022-04-06,2022-04-26,0,0,-30.483,NA,NA,NA,RR37,2022-03-30,NA,RRiv,NA,F,5,NA,NA,NA,A,NA
P1594,2021-17682,2021-11-09,2021-11-22,0,1,50.934,NA,NA,NA,SAE214,2021-10-30,NA,SA,NA,F,5,NA,NA,NA,A,NA
P1595,2021-17682,2021-11-09,2021-11-22,0,0.5,47.695,NA,NA,NA,SAR216,2021-10-30,NA,SA,NA,M,2,NA,NA,NA,Y,NA
P1596,2021-17676,2021-11-09,2021-11-15,0,NA,NA,NA,ELISA Results outstanding 11/26/2021,NA,AH71,2021-11-03,RRoc,AH,60,F,6,NA,1,NA,A,NA
P1597,2021-17676,2021-11-09,2021-11-15,0,NA,NA,NA,ELISA Results outstanding 11/26/2021,NA,FC117,2021-10-31,NA,FC,88,M,6,NA,NA,NA,A,NA
P1598,2022-4968,2022-04-06,2022-04-26,1,1,70.176,NA,NA,NA,RR26,2022-03-29,NA,RRiv,NA,F,3,NA,NA,NA,A,NA
P1599,2021-17676,2021-11-09,2021-11-15,0,NA,NA,NA,ELISA Results outstanding 11/26/2021,NA,FC116,2021-10-31,NA,FC,66,F,6,NA,NA,NA,A,NA
P1600,2022-4968,2022-04-06,2022-04-26,0,0,-32.113,NA,NA,NA,RR35,2022-03-30,NA,RRiv,NA,F,3.5,NA,NA,NA,A,NA
P1801,2021-17676,2021-11-09,2021-11-15,0,NA,NA,NA,ELISA Results outstanding 11/26/2021,NA,AH30,2021-11-02,RRoc,AH,60,F,4,NA,0,0,A,NA
P1803,2021-17676,2021-11-09,2021-11-15,0,NA,NA,NA,ELISA Results outstanding 11/26/2021,NA,AH28,2021-11-02,RRoc,AH,59,F,5,NA,0.47,1,A,NA
P1804,2021-17676,2021-11-09,2021-11-15,0,NA,NA,NA,ELISA Results outstanding 11/26/2021,NA,AH39,2021-11-02,RRoc,AH,54,F,5,NA,0.31,0,A,NA
P1805,2021-17676,2021-11-09,2021-11-15,0,NA,NA,NA,ELISA Results outstanding 11/26/2021,NA,AH37,2021-11-02,RRoc,AH,44,F,1,NA,0.14,0,Y,NA
P1806,2021-17676,2021-11-09,2021-11-15,0,NA,NA,NA,ELISA Results outstanding 11/26/2021,NA,FC136,2021-10-31,NA,FC,75,M,6,NA,NA,NA,A,NA
P1807,2021-17676,2021-11-09,2021-11-15,0,NA,NA,NA,ELISA Results outstanding 11/26/2021,NA,FC125,2021-10-31,NA,FC,50,F,3,NA,NA,NA,A,NA
P1808,2021-17676,2021-11-09,2021-11-15,0,NA,NA,NA,ELISA Results outstanding 11/26/2021,NA,FC137,2021-10-31,NA,FC,85,M,7,NA,NA,NA,A,NA
P1810,2021-17676,2021-11-09,2021-11-15,0,NA,NA,NA,ELISA Results outstanding 11/26/2021,NA,FC128,2021-10-31,NA,FC,53,F,2,NA,NA,NA,Y,NA
P1811,2021-17676,2021-11-09,2021-11-15,0,NA,NA,NA,ELISA Results outstanding 11/26/2021,NA,FC130,2021-10-31,NA,FC,53,F,6,NA,NA,NA,A,NA
P1812,2021-17676,2021-11-09,2021-11-15,0,NA,NA,NA,ELISA Results outstanding 11/26/2021,NA,AH58,2021-11-03,RRoc,AH,56,F,6,NA,0.9,1,A,NA
P1813,2021-17676,2021-11-09,2021-11-15,0,NA,NA,NA,ELISA Results outstanding 11/26/2021,NA,AH62,2021-11-03,RRoc,AH,59,M,NA,CI,0.18,NA,NA,NA
P1814,2021-17676,2021-11-09,2021-11-15,0,NA,NA,NA,ELISA Results outstanding 11/26/2021,NA,AH64,2021-11-03,RRoc,AH,60,F,5,NA,0.46,1,A,NA
P1815,2021-17676,2021-11-09,2021-11-15,0,NA,NA,NA,ELISA Results outstanding 11/26/2021,NA,AH67,2021-11-03,RRoc,AH,102,M,8,NA,0.13,NA,A,NA
P1816,2021-17676,2021-11-09,2021-11-15,0,NA,NA,NA,ELISA Results outstanding 11/26/2021,NA,AH53,2021-11-03,RRoc,AH,66,F,4,NA,0.9,1,A,NA
P1817,2021-17676,2021-11-09,2021-11-15,0,NA,NA,NA,ELISA Results outstanding 11/26/2021,NA,AH55,2021-11-03,RRoc,AH,64,F,5,NA,0.66,1,A,NA
P1818,2021-17676,2021-11-09,2021-11-15,0,NA,NA,NA,ELISA Results outstanding 11/26/2021,NA,AH60,2021-11-03,RRoc,AH,97,M,7,NA,0.26,NA,A,NA
P1819,2021-17676,2021-11-09,2021-11-15,0,NA,NA,NA,ELISA Results outstanding 11/26/2021,NA,AH40,2021-11-02,RRoc,AH,49,F,2,NA,0.16,NA,Y,NA
P1820,2021-17676,2021-11-09,2021-11-15,0,NA,NA,NA,ELISA Results outstanding 11/26/2021,NA,AH43,2021-11-02,RRoc,AH,60,F,6,NA,0.63,1,A,NA
P1821,2021-17676,2021-11-09,2021-11-15,0,NA,NA,NA,ELISA Results outstanding 11/26/2021,NA,AH47,2021-11-02,RRoc,AH,66,M,3,NA,0,NA,A,NA
P1822,2021-17676,2021-11-09,2021-11-15,0,NA,NA,NA,ELISA Results outstanding 11/26/2021,NA,AH52,2021-11-03,RRoc,AH,74,M,3,NA,0.32,NA,A,NA
P1823,2021-17676,2021-11-09,2021-11-15,0,NA,NA,NA,ELISA Results outstanding 11/26/2021,NA,AH49,2021-11-02,RRoc,AH,82,M,3,NA,0.17,NA,A,NA
P1824,2021-17676,2021-11-09,2021-11-15,0,NA,NA,NA,ELISA Results outstanding 11/26/2021,NA,FC119,2021-10-31,NA,FC,57,F,4,NA,NA,NA,A,NA
P1825,2021-17676,2021-11-09,2021-11-15,0,NA,NA,NA,ELISA Results outstanding 11/26/2021,NA,FC120,2021-10-31,NA,FC,70,M,2,NA,NA,NA,Y,NA
P1826,2021-17676,2021-11-09,2021-11-15,0,NA,NA,NA,ELISA Results outstanding 11/26/2021,NA,FC121,2021-10-31,NA,FC,55,F,4.5,NA,NA,NA,A,NA
P1827,2021-17676,2021-11-09,2021-11-15,0,NA,NA,NA,ELISA Results outstanding 11/26/2021,NA,FC122,2021-10-31,NA,FC,54,F,3,NA,NA,NA,A,NA
P1828,2022-4968,2022-04-06,2022-04-26,0,0,15.067,NA,NA,NA,RR27,2022-03-29,NA,RRiv,NA,F,NA,NA,NA,NA,NA,NA
P1829,2021-17676,2021-11-09,2021-11-15,0,NA,NA,NA,ELISA Results outstanding 11/26/2021,NA,FC123,2021-10-31,NA,FC,48,F,2,NA,NA,NA,Y,NA
P1830,2021-17682,2021-11-09,2021-11-22,0,0,35.035,NA,NA,NA,SAE218,2021-10-30,NA,SA,NA,F,10,NA,NA,NA,A,NA
P1831,2021-17676,2021-11-09,2021-11-15,0,NA,NA,NA,ELISA Results outstanding 11/26/2021,NA,FC118,2021-10-31,NA,FC,65,F,4,NA,NA,NA,A,NA
P1832,2022-4968,2022-04-06,2022-04-26,0,0.5,42.695,NA,NA,NA,RR25,2022-03-29,NA,RRiv,NA,F,2.5,NA,NA,NA,A,NA
P1833,2021-17676,2021-11-09,2021-11-15,0,NA,NA,NA,ELISA Results outstanding 11/26/2021,NA,FC115,2021-10-31,NA,FC,61,F,6,NA,NA,NA,A,NA
P1834,2021-17682,2021-11-09,2021-11-22,0,1,73.268,NA,NA,NA,SAE219,2021-10-30,NA,SA,NA,F,3,NA,NA,NA,A,NA
P1835,2022-4968,2022-04-06,2022-04-26,0,0.5,47.358,NA,NA,NA,RR34,2022-03-30,NA,RRiv,NA,F,4.5,NA,NA,NA,A,NA
P1836,2021-17682,2021-11-09,2021-11-22,0,0,27.269,NA,NA,NA,SAE209,2021-10-30,NA,SA,NA,F,NA,NA,NA,NA,NA,NA
P1837,2022-4968,2022-04-06,2022-04-26,1,1,57.126,Animal labelled 1538 but 1837 on tube,NA,NA,RR36,2022-03-30,NA,RRiv,NA,F,6,NA,NA,NA,A,NA
P1838,2021-17682,2021-11-09,2021-11-22,0,1,61.821,NA,NA,NA,SAE205,2021-10-30,NA,SA,NA,F,6,NA,NA,NA,A,NA
P1839,2021-17682,2021-11-09,2021-11-22,0,1,76.141,NA,NA,NA,SAR207,2021-10-30,NA,SA,NA,M,4,NA,NA,NA,A,NA
P1840,2021-17682,2021-11-09,2021-11-22,0,1,80.188,NA,NA,NA,SAE212,2021-10-30,NA,SA,NA,F,NA,NA,NA,NA,NA,NA
P1841,2021-17676,2021-11-09,2021-11-15,0,NA,NA,NA,ELISA Results outstanding 11/26/2021,NA,AH51,2021-11-02,RRoc,AH,57,M,2,NA,0.08,NA,Y,NA
P1842,2021-17682,2021-11-09,2021-11-22,0,1,83.223,NA,NA,NA,SAE220,2021-10-30,NA,SA,NA,F,4,NA,NA,NA,A,NA
P1844,2021-17682,2021-11-09,2021-11-22,0,0,16.318,NA,NA,NA,SAE217,2021-10-30,NA,SA,NA,F,8,NA,NA,NA,A,NA
P1845,2021-17682,2021-11-09,2021-11-22,0,1,73.009,NA,NA,NA,SAR215,2021-10-30,NA,SA,NA,M,3,NA,NA,NA,A,NA
P1846,2021-17682,2021-11-09,2021-11-22,0,1,77.574,NA,NA,NA,SAE210,2021-10-30,NA,SA,NA,F,NA,NA,NA,NA,NA,NA
P1847,2021-17682,2021-11-09,2021-11-22,0,1,81.875,NA,NA,NA,SAE208,2021-10-30,NA,SA,NA,F,NA,NA,NA,NA,NA,NA
P1849,2021-17682,2021-11-09,2021-11-22,0,0,12.717,NA,NA,NA,SAE213,2021-10-30,NA,SA,NA,F,5,NA,NA,NA,A,NA
P1850,2021-17682,2021-11-09,2021-11-22,0,0.5,48.353,NA,NA,NA,SAE206,2021-10-30,NA,SA,NA,F,4,NA,NA,NA,A,NA
P363,2020-14842,2020-11-04,2020-11-13,NA,1,60.483,P363 on tube,No PCR Result reported,NA,LA105,0020-10-29,NA,LA,NA,F,3,NA,NA,NA,A,NA
P426,2020-14764,2020-11-02,2020-11-13,0,1,91.501,NA,NA,NA,LA115,0020-10-30,NA,LA,69,F,6,NA,NA,NA,A,NA
P428,2020-14764,2020-11-02,2020-11-13,0,0,-10.929,NA,NA,NA,LA114,0020-10-30,NA,LA,62,F,2,NA,NA,NA,Y,NA
P444,2020-14764,2020-11-02,2020-11-13,0,0,-23.211,NA,NA,NA,PE218,2020-10-26,NA,PE,64,F,3,NA,NA,NA,A,NA
P547,2020-14764,2020-11-02,2020-11-13,0,1,90.056,NA,NA,NA,SAC051,2020-10-29,CAB,SAC,58,F,2,NA,NA,NA,Y,NA
P548,2020-14842,2020-11-04,2020-11-13,0,1,58.664,NA,NA,NA,SAC038,2020-10-29,CAB,SAC,58,F,4,NA,NA,NA,A,NA
P549,2020-14764,2020-11-02,2020-11-13,0,1,87.815,NA,NA,NA,SAC058,2020-10-29,CAB,SAC,59,M,1.5,NA,NA,NA,Y,NA
P550,2020-14764,2020-11-02,2020-11-13,0,0,-24.121,NA,NA,NA,SAC045,2020-10-29,CAB,SAC,64,F,4,NA,NA,NA,A,NA
P573,2017-15552,2017-12-05,2017-12-08,0,0,23.36,NA,NA,NA,SAE198,2017-12-02,NA,SA,NA,F,A,NA,NA,NA,A,NA
P574,2017-15552,2017-12-05,2017-12-08,0,1,80.528,NA,NA,NA,SAR189,2017-12-02,NA,SA,NA,M,3.5,III,NA,NA,A,NA
P575,2017-15552,2017-12-05,2017-12-08,0,1,74.28,NA,NA,NA,SAR188,2017-12-02,NA,SA,NA,M,3,II,NA,NA,A,NA
P581,2017-15552,2017-12-05,2017-12-08,0,1,83.131,NA,NA,NA,SAE192,2017-12-02,NA,SA,NA,F,2,NA,NA,NA,Y,NA
P617,2020-14764,2020-11-02,2020-11-13,0,0,-8.429,NA,NA,NA,LH207,2020-10-28,NA,LH,64,F,6,NA,NA,NA,A,NA
P618,2020-14764,2020-11-02,2020-11-13,0,1,87.945,NA,NA,NA,SAC050,2020-10-29,CAB,SAC,62,F,4,NA,NA,NA,A,NA
P619,2020-14764,2020-11-02,2020-11-13,0,0,-30.712,NA,NA,NA,LH211,2020-10-28,NA,LH,62,M,1.5,NA,NA,NA,Y,NA
P620,2020-14764,2020-11-02,2020-11-13,0,0,30.26,NA,NA,NA,SAC055,2020-10-29,CAB,SAC,63,F,4,NA,NA,NA,A,NA
P696,2020-14764,2020-11-02,2020-11-13,0,0,-10.41,NA,NA,NA,LH206,2020-10-28,NA,LH,72,F,6,NA,NA,NA,A,NA
P697,2020-14764,2020-11-02,2020-11-13,0,1,74.478,NA,NA,NA,SAC053,2020-10-29,CAB,SAC,60,F,4,NA,NA,NA,A,NA
P698,2020-14764,2020-11-02,2020-11-13,0,0,-13.007,NA,NA,NA,PE223,2020-10-26,NA,PE,NA,M,7,NA,NA,NA,A,NA
P699,2020-14764,2020-11-02,2020-11-13,0,1,83.659,NA,NA,NA,SAC036,2020-10-29,CAB,SAC,98,M,5,NA,NA,NA,A,NA
P700,2020-14764,2020-11-02,2020-11-13,0,1,69.493,NA,NA,NA,SAC041,2020-10-29,CAB,SAC,63,F,3,NA,NA,NA,A,NA
P761,2020-14764,2020-11-02,2020-11-13,0,0,-37.263,NA,NA,NA,LH210,2020-10-28,NA,LH,53,F,2,NA,NA,NA,Y,NA
P763,2020-14764,2020-11-02,2020-11-13,0,0,33.142,NA,NA,NA,SAC057,2020-10-29,CAB,SAC,60,M,1.5,NA,NA,NA,Y,NA
P764,2020-14764,2020-11-02,2020-11-13,0,0,-29.86,NA,NA,NA,PE219,2020-10-26,NA,PE,105,M,7,NA,NA,NA,A,NA
P765,2020-14764,2020-11-02,2020-11-13,0,1,90.113,NA,NA,NA,SAC037,2020-10-29,CAB,SAC,83,M,5,NA,NA,NA,A,NA
P766,2020-14842,2020-11-04,2020-11-13,0,1,88.043,NA,NA,NA,SAC040,2020-10-29,CAB,SAC,63,F,4,NA,NA,NA,A,NA
P767,2020-14764,2020-11-02,2020-11-13,0,0,-21.848,NA,NA,NA,LA113,0020-10-30,NA,LA,81,F,6,NA,NA,NA,A,NA
P768,2020-14764,2020-11-02,2020-11-13,0,0,-19.737,NA,NA,NA,PE220,2020-10-26,NA,PE,46,NA,1.5,NA,NA,NA,Y,NA
P769,2020-14764,2020-11-02,2020-11-13,0,0,-25.963,NA,NA,NA,LH209,2020-10-28,NA,LH,54,F,1.5,NA,NA,NA,Y,NA
P770,2020-14842,2020-11-04,2020-11-13,0,0,5.217,NA,NA,NA,LA106,0020-10-29,NA,LA,NA,F,5,NA,NA,NA,A,NA
P909,2020-14764,2020-11-02,2020-11-13,0,0,-34.203,NA,NA,NA,PE222,2020-10-26,NA,PE,50,M,1.5,NA,NA,NA,Y,NA
P96,2020-14764,2020-11-02,2020-11-13,0,0,-7.731,NA,NA,NA,JZ45,2014-08-11,WH,JZ,22,NA,L,NA,NA,NA,L,NA
R101,2018-13947,2018-11-07,2018-11-08,0,0,-1.286,NA,NA,NA,PE208,2018-10-30,RRoc,PE,65,F,3.5,NA,NA,NA,A,NA
R103,2018-13947,2018-11-07,2018-11-08,0,0,-2.118,NA,NA,NA,SAC008,2018-10-27,SA,SAC,NA,F,4,NA,NA,NA,A,NA
R104,2018-13947,2018-11-07,2018-11-08,0,0,-0.378,NA,NA,NA,SAC022,2018-10-27,SA,SAC,NA,F,3,NA,NA,NA,A,NA
R105,2018-13947,2018-11-07,2018-11-08,0,0,-3.933,NA,NA,NA,PE207,2018-10-30,RRoc,PE,62,F,6,NA,NA,NA,A,NA
R106,2018-13947,2018-11-07,2018-11-08,0,0,-11.876,NA,NA,NA,SAC031,2018-10-28,SA,SAC,NA,M,1,NA,NA,NA,Y,NA
R107,2018-13947,2018-11-07,2018-11-08,0,0,-8.775,NA,NA,NA,PE189,2018-10-30,RRoc,PE,61,F,2,NA,NA,NA,Y,NA
R108,2018-13947,2018-11-07,2018-11-08,0,0,0.227,NA,NA,NA,PE194,2018-10-30,RRoc,PE,66,F,4,NA,NA,NA,A,NA
R109,2018-13947,2018-11-07,2018-11-08,0,0,-15.053,NA,NA,NA,PE186,2018-10-30,RRoc,PE,55,F,1.5/4,NA,NA,NA,NA,NA
R110,2018-13947,2018-11-07,2018-11-08,0,0,-5.825,NA,NA,NA,PE210,2018-10-30,RRoc,PE,87,M,7,NA,NA,NA,A,NA
R111,2018-13947,2018-11-07,2018-11-08,0,0,-14.75,NA,NA,NA,SAC005,2018-10-27,SA,SAC,NA,F,6,NA,NA,NA,A,NA
R112,2018-13947,2018-11-07,2018-11-08,0,0,10.363,NA,NA,NA,PE205,2018-10-30,RRoc,PE,44,F,1.5,NA,NA,NA,Y,NA
R113,2018-13947,2018-11-07,2018-11-08,0,0,6.278,NA,NA,NA,PE193,2018-10-30,RRoc,PE,68,F,4/6,NA,NA,NA,A,NA
R114,2018-13947,2018-11-07,2018-11-08,0,0,1.135,NA,NA,NA,PE198,2018-10-30,RRoc,PE,72,M,2.5,NA,NA,NA,A,NA
R120,2018-13947,2018-11-07,2018-11-08,0,0,6.884,NA,NA,NA,SAC001,2018-10-27,SA,SAC,NA,F,5,NA,NA,NA,A,NA
R121,2018-13947,2018-11-07,2018-11-08,0,0,5.219,NA,NA,NA,SAC027,2018-10-28,SA,SAC,NA,F,4,NA,NA,NA,A,NA
R122,2018-13947,2018-11-07,2018-11-08,0,0,4.917,NA,NA,NA,PE201,2018-10-30,RRoc,PE,64,F,5,NA,NA,NA,A,NA
R123,2018-13947,2018-11-07,2018-11-08,0,0,-9.909,NA,NA,NA,PE196,2018-10-30,RRoc,PE,60,F,2.5,NA,NA,NA,A,NA
R124,2018-13947,2018-11-07,2018-11-08,0,0,-2.042,NA,NA,NA,PE204,2018-10-30,RRoc,PE,56,F,7,NA,NA,NA,A,NA
R130,2018-13947,2018-11-07,2018-11-08,0,0,-7.564,NA,NA,NA,PE185,2018-10-30,RRoc,PE,32,F,L,NA,NA,NA,L,NA
R131,2018-13947,2018-11-07,2018-11-08,0,0,-10.968,NA,NA,NA,PE191,2018-10-30,RRoc,PE,55,F,1.5,NA,NA,NA,Y,NA
R132,2018-13947,2018-11-07,2018-11-08,0,0,-9.455,NA,NA,NA,PE187,2018-10-30,RRoc,PE,70,F,8,NA,NA,NA,A,NA
R133,2018-13947,2018-11-07,2018-11-08,0,0,-8.472,NA,NA,NA,PE188,2018-10-30,RRoc,PE,53,F,3,NA,NA,NA,A,NA
R134,2018-13947,2018-11-07,2018-11-08,0,0,4.766,NA,NA,NA,PE192,2018-10-30,RRoc,PE,38,F,L,NA,NA,NA,L,NA
R140,2018-13947,2018-11-07,2018-11-08,0,0,1.967,NA,NA,NA,PE197,2018-10-30,RRoc,PE,51,F,2.5,NA,NA,NA,A,NA
R142,2018-13947,2018-11-07,2018-11-08,0,0,-1.74,NA,NA,NA,LH202,2018-10-30,RRoc,LH,77,M,5,NA,NA,NA,A,NA
R143,2018-13947,2018-11-07,2018-11-08,0,0,2.799,NA,NA,NA,PE195,2018-10-30,RRoc,PE,52,F,1.5,NA,NA,NA,Y,NA
R144,2018-13947,2018-11-07,2018-11-08,0,0,-18.23,NA,NA,NA,PE184,2018-10-30,RRoc,PE,40,M,L,NA,NA,NA,L,NA
R280,2018-13947,2018-11-07,2018-11-08,0,0,-0.605,NA,NA,NA,PE202,2018-10-30,RRoc,PE,51,F,1.5,NA,NA,NA,Y,NA
R281,2018-13947,2018-11-07,2018-11-08,0,0,-4.766,NA,NA,NA,SAC034,2018-10-28,SA,SAC,NA,M,2,NA,NA,NA,Y,NA
R282,2018-13947,2018-11-07,2018-11-08,0,0,-7.716,NA,NA,NA,SAC032,2018-10-28,SA,SAC,NA,M,2,NA,NA,NA,Y,NA
R283,2018-13947,2018-11-07,2018-11-08,0,0,-6.505,NA,NA,NA,SAC025,2018-10-28,SA,SAC,NA,M,5,NA,NA,NA,A,NA
R284,2018-13947,2018-11-07,2018-11-08,0,0,-7.262,NA,NA,NA,PE203,2018-10-30,RRoc,PE,70,F,5/7,NA,NA,NA,A,NA
R290,2018-13947,2018-11-07,2018-11-08,0,0,-4.539,NA,NA,NA,SAC029,2018-10-28,SA,SAC,NA,M,2,NA,NA,NA,Y,NA
R291,2018-13947,2018-11-07,2018-11-08,0,0,-4.236,NA,NA,NA,SAC019,2018-10-27,SA,SAC,NA,F,3,NA,NA,NA,A,NA
R292,2018-13947,2018-11-07,2018-11-08,0,0,-19.818,NA,NA,NA,SAC030,2018-10-28,SA,SAC,NA,M,L,NA,NA,NA,L,NA
R293,2018-13947,2018-11-07,2018-11-08,0,0,29.879,NA,NA,NA,PE206,2018-10-30,RRoc,PE,73,F,8,NA,NA,NA,A,NA
R294,2018-13947,2018-11-07,2018-11-08,0,0,21.634,NA,NA,NA,SAC028,2018-10-28,SA,SAC,NA,F,6,NA,NA,NA,A,NA
R510,2017-16020,2017-12-15,2018-01-02,0,0,23.897,NA,NA,NA,LA85,2017-12-11,FRA,LA,47,M,L,NA,NA,NA,L,NA
R511,2017-16020,2017-12-15,2018-01-02,0,0,16.546,NA,NA,NA,LA91,2017-12-11,FRA,LA,66,F,A,NA,NA,NA,A,NA
R512,2017-16020,2017-12-15,2018-01-02,0,0,-4.393,NA,NA,NA,LA86,2017-12-11,FRA,LA,68,M,2.5,NA,NA,NA,A,NA
R513,2017-16020,2017-12-15,2018-01-02,0,0,-16.079,NA,NA,NA,LA102,2017-12-11,FRA,LA,58,F,3,NA,NA,NA,A,NA
R514,2017-16020,2017-12-15,2018-01-02,1,0,39.74,NA,NA,NA,LA96,2017-12-11,FRA,LA,56,F,5,NA,NA,NA,A,NA
R515,2017-16020,2017-12-15,2018-01-02,0,0,11.474,NA,NA,NA,LA93,2017-12-11,FRA,LA,46,M,L,NA,NA,NA,L,NA
R516,2017-16020,2017-12-15,2018-01-02,0,0,17.036,NA,NA,NA,LA90,2017-12-11,FRA,LA,64,M,2.5,III,NA,NA,A,NA
R517,2017-16020,2017-12-15,2018-01-02,0,0,16.196,NA,NA,NA,LA89,2017-12-11,FRA,LA,72,F,6,NA,NA,NA,A,NA
R518,2017-16020,2017-12-15,2018-01-02,0,0,-21.26,NA,NA,NA,LA95,2017-12-11,FRA,LA,58,F,2.5,NA,NA,NA,A,NA
R519,2017-16020,2017-12-15,2018-01-02,0.5,0,11.301,NA,NA,NA,LA92,2017-12-11,FRA,LA,54,F,2,NA,NA,NA,Y,NA
R526,2017-15552,2017-12-05,2017-12-08,1,1,84.068,NA,NA,NA,SAE203,2017-12-03,NA,SA,NA,F,2,NA,NA,NA,Y,NA
R529,2017-15552,2017-12-05,2017-12-08,1,1,83.86,NA,NA,NA,SAE187,2017-12-02,NA,SA,NA,F,A,NA,NA,NA,A,NA
R541,2017-15552,2017-12-05,2017-12-08,0,0,38.355,NA,NA,NA,SAE196,2017-12-02,NA,SA,NA,F,2,NA,NA,NA,Y,NA
R543,2017-15552,2017-12-05,2017-12-08,0,1,77.3,NA,NA,NA,SAE193,2017-12-02,NA,SA,NA,F,2,NA,NA,NA,Y,NA
R570,2017-16020,2017-12-15,2018-01-02,0,0,24.247,NA,NA,NA,LA83,2017-12-11,FRA,LA,58,F,6,NA,NA,NA,A,NA
R571,2017-16020,2017-12-15,2018-01-02,0,0,21.027,NA,NA,NA,LA87,2017-12-11,FRA,LA,58,F,5,NA,NA,NA,A,NA
R574,2017-16020,2017-12-15,2018-01-02,0,0,16.756,NA,NA,NA,LA94,2017-12-11,FRA,LA,37,F,L,NA,NA,NA,L,NA
R575,2017-16020,2017-12-15,2018-01-02,0,0,-8.555,NA,NA,NA,LA88,2017-12-11,FRA,LA,50,F,1,NA,NA,NA,Y,NA
R577,2017-16020,2017-12-15,2018-01-02,0,0,23.827,NA,NA,NA,LA84,2017-12-11,FRA,LA,65,M,2.5,NA,NA,NA,A,NA
R583,2017-16020,2017-12-15,2018-01-02,0,0,1.004,NA,NA,NA,FC108,2016-10-24,NA,FC,54,F,2,NA,9.6,NA,Y,NA
R586,2017-16020,2017-12-15,2018-01-02,0,0,-4.107,NA,NA,NA,FC113,2016-10-24,NA,FC,72,M,3,NA,13,NA,A,NA
R591,2017-16020,2017-12-15,2018-01-02,0.5,0,-2.225,NA,NA,NA,LA98,2017-12-11,FRA,LA,55,M,2.5,NA,NA,NA,A,NA
R594,2017-16020,2017-12-15,2018-01-02,0,0,-1.532,NA,NA,NA,LA97,2017-12-11,FRA,LA,63,F,4,NA,NA,NA,A,NA
R595,2017-16020,2017-12-15,2018-01-02,0,0,13.606,NA,NA,NA,LA99,2017-12-11,FRA,LA,59,M,2.5,NA,NA,NA,A,NA
R598,2017-15552,2017-12-05,2017-12-08,0,1,88.007,NA,NA,NA,SAR202,2017-12-03,NA,SA,NA,M,3,II,NA,NA,A,NA
R599,2017-15552,2017-12-05,2017-12-08,0,1,65.22,NA,NA,NA,SAE201,2017-12-03,NA,SA,NA,F,3,NA,NA,NA,A,NA
W540,2017-15552,2017-12-05,2017-12-08,0,1,86.671,NA,NA,NA,SAR197,2017-12-02,NA,SA,NA,M,1,NA,NA,NA,Y,NA
W542,2017-15552,2017-12-05,2017-12-08,0,1,58.66,NA,NA,NA,SAE190,2017-12-02,NA,SA,NA,F,5,NA,NA,NA,A,NA
W557,2017-15552,2017-12-05,2017-12-08,0,0,9.511,NA,NA,NA,SAE194,2017-12-02,NA,SA,NA,F,2,NA,NA,NA,Y,NA
W583,2017-15552,2017-12-05,2017-12-08,0,NA,NA,NA,No ELISA Result in Report,NA,SAE200,2017-12-03,NA,SA,NA,F,A,NA,NA,NA,A,NA
W593,2017-15552,2017-12-05,2017-12-08,1,1,75.549,NA,NA,NA,SAE186,2017-12-03,NA,SA,NA,F,A,NA,NA,NA,A,NA
Y1,2018-13947,2018-11-07,2018-11-08,0,0,-11.195,NA,NA,NA,PE216,2018-10-30,RRoc,PE,60,F,2.5,NA,NA,NA,A,NA
Y141,2018-13947,2018-11-07,2018-11-08,0,1,78.442,NA,NA,NA,PE213,2018-10-30,RRoc,PE,47,M,L,NA,NA,NA,L,NA
Y16,2018-13947,2018-11-07,2018-11-08,0,0.5,42.738,NA,NA,NA,PE215,2018-10-30,RRoc,PE,65,M,1.5,NA,NA,NA,Y,NA
Y17,2018-13947,2018-11-07,2018-11-08,0,0,4.841,NA,NA,NA,PE214,2018-10-30,RRoc,PE,63,M,2,NA,NA,NA,Y,NA
Y21,2018-13947,2018-11-07,2018-11-08,1,1,73.071,NA,NA,NA,SAC007,2018-10-27,SA,SAC,NA,M,3,NA,NA,NA,A,NA
Y23,2018-13947,2018-11-07,2018-11-08,0,0,23.449,NA,NA,NA,SAC010,2018-10-27,SA,SAC,NA,F,1,NA,NA,NA,Y,NA
Y24,2018-13947,2018-11-07,2018-11-08,1,1,62.103,NA,NA,NA,SAC011,2018-10-27,SA,SAC,NA,M,L,NA,NA,NA,L,NA
Y356,2018-13947,2018-11-07,2018-11-08,0,1,78.971,NA,NA,NA,SAC015,2018-10-27,SA,SAC,NA,F,6,NA,NA,NA,A,NA
Y357,2018-13947,2018-11-07,2018-11-08,0,0.5,40.318,NA,NA,NA,SAC017,2018-10-27,SA,SAC,NA,F,3,NA,NA,NA,A,NA
Y358,2018-13947,2018-11-07,2018-11-08,0,1,78.82,NA,NA,NA,SAC018,2018-10-27,SA,SAC,NA,F,7,NA,NA,NA,A,NA
Y359,2018-13947,2018-11-07,2018-11-08,1,1,59.758,NA,NA,NA,SAC026,2018-10-28,SA,SAC,NA,F,8,NA,NA,NA,A,NA
Y360,2018-13947,2018-11-07,2018-11-08,0,0,15.885,NA,NA,NA,SAC033,2018-10-28,SA,SAC,NA,F,4,NA,NA,NA,A,NA
Y362,2018-13947,2018-11-07,2018-11-08,0,0.5,46.899,NA,NA,NA,PE211,2018-10-30,RRoc,PE,61,M,2,NA,NA,NA,Y,NA
Y384,2018-13947,2018-11-07,2018-11-08,0,1,83.283,NA,NA,NA,SAC002,2018-10-27,SA,SAC,NA,F,6,NA,NA,NA,A,NA
Y387,2018-13947,2018-11-07,2018-11-08,0,1,90.242,NA,NA,NA,SAC009,2018-10-27,SA,SAC,NA,F,3,NA,NA,NA,A,NA
Y393,2018-13947,2018-11-07,2018-11-08,0,0,11.573,NA,NA,NA,SAC023,2018-10-27,SA,SAC,NA,F,6,NA,NA,NA,A,NA
Y394,2018-13947,2018-11-07,2018-11-08,0,0.5,45.915,NA,NA,NA,PE199,2018-10-30,RRoc,PE,53,F,1.5,NA,NA,NA,Y,NA
Y395,2018-13947,2018-11-07,2018-11-08,0,1,52.042,NA,NA,NA,LH203,2018-10-30,RRoc,LH,84,M,10,NA,NA,NA,A,NA
Y4,2018-13947,2018-11-07,2018-11-08,0,1,65.053,NA,NA,NA,SAC003,2018-10-27,SA,SAC,NA,F,8,NA,NA,NA,A,NA
Y43,20-13367,2020-04-28,2020-06-30,0,1,64.225,NA,NA,NA,RG59,2020-04-23,NA,RGG,NA,M,1.5,NA,NA,NA,Y,NA
Y48,20-11847,2020-04-14,2020-06-30,0,1,64.063,NA,NA,NA,RG30,2020-04-09,NA,RGG,NA,F,3.5,NA,NA,NA,A,NA
Y49,20-13367,2020-04-28,2020-06-30,1,1,69.396,NA,NA,NA,RG60,2020-04-23,NA,RGG,NA,M,1.5,NA,NA,NA,Y,NA
Y50,20-13367,2020-04-28,2020-06-30,0,0,6.278,NA,NA,NA,RG34,2020-04-22,NA,RGG,NA,F,4,NA,NA,NA,A,NA
Y63,2018-13947,2018-11-07,2018-11-08,0,0,3.328,NA,NA,NA,PE190,2018-10-30,RRoc,PE,48,M,1,NA,NA,NA,Y,NA
Y7,2018-13947,2018-11-07,2018-11-08,0,1,82.905,NA,NA,NA,SAC004,2018-10-27,SA,SAC,NA,M,2,NA,NA,NA,Y,NA
Y70,2018-13947,2018-11-07,2018-11-08,0,1,75.416,NA,NA,NA,SAC024,2018-10-28,SA,SAC,NA,M,2,NA,NA,NA,Y,NA
Y76,2018-13947,2018-11-07,2018-11-08,1,1,78.593,NA,NA,NA,SAC021,2018-10-27,SA,SAC,NA,F,5,NA,NA,NA,A,NA
Y77,2018-13947,2018-11-07,2018-11-08,0,1,79.652,NA,NA,NA,PE200,2018-10-30,RRoc,PE,64,M,2,NA,NA,NA,Y,NA
Y78,2018-13947,2018-11-07,2018-11-08,0,0,20.953,NA,NA,NA,SAC014,2018-10-27,SA,SAC,NA,M,L,NA,NA,NA,L,NA
Y8,2018-13947,2018-11-07,2018-11-08,0,0,23.525,NA,NA,NA,SAC012,2018-10-27,SA,SAC,NA,M,L,NA,NA,NA,L,NA
Y83,2018-13947,2018-11-07,2018-11-08,0,0.5,49.47,NA,NA,NA,PE212,2018-10-30,RRoc,PE,81,F,7,NA,NA,NA,A,NA
Y85,2018-13947,2018-11-07,2018-11-08,0,1,81.392,NA,NA,NA,SAC016,2018-10-27,SA,SAC,NA,M,6.5,NA,NA,NA,A,NA
Y9,2018-13947,2018-11-07,2018-11-08,0,1,81.865,NA,NA,NA,PE209,2018-10-30,RRoc,PE,50,F,2.5,NA,NA,NA,A,NA
Y97,2018-13947,2018-11-07,2018-11-08,0,1,70.651,NA,NA,NA,SAC020,2018-10-27,SA,SAC,NA,F,8,NA,NA,NA,A,NA
Y2,2018-13947,2018-11-07,2018-11-08,1,0,-5.598,NA,NA,NA,SAC013,2018-10-27,SA,SAC,NA,M,L,NA,NA,NA,L,NA
Y2,2018-13947,2018-11-07,2018-11-08,0,1,73.071,NA,NA,NA,SAC006,2018-10-27,SA,SAC,NA,M,9,NA,NA,NA,A,NA
P1014,2020-14842,2020-11-04,2020-11-13,0,1,72.797,NA,"Two results, different case numbers",NA,NA,NA,NA,NA,NA,NA,NA,NA,NA,NA,NA,NA
P1014,2020-14764,2020-11-02,2020-11-13,0,0,-13.429,NA,"Two results, different case numbers",NA,NA,NA,NA,NA,NA,NA,NA,NA,NA,NA,NA,NA
P762,2020-14764,2020-11-02,2020-11-13,0,0,-20.281,NA,Two results in the same case,NA,NA,NA,NA,NA,NA,NA,NA,NA,NA,NA,NA,NA
P762,2020-14764,2020-11-02,2020-11-13,0,0.5,44.539,NA,Two results in the same case,NA,NA,NA,NA,NA,NA,NA,NA,NA,NA,NA,NA,NA
R578,2017-16020,2017-12-15,2018-01-02,0,0,25.298,NA,"Duplicate, Same Animal????",NA,NA,NA,NA,NA,NA,NA,NA,NA,NA,NA,NA,NA
R578,2017-16020,2017-12-15,2018-01-02,0,0,-5.438,NA,"Duplicate, Same Animal????",NA,NA,NA,NA,NA,NA,NA,NA,NA,NA,NA,NA,NA
NA,NA,NA,NA,0,NA,NA,NA,NA,NA,NA,NA,NA,DC,NA,NA,NA,NA,NA,NA,NA,2016
NA,NA,NA,NA,0,NA,NA,NA,NA,NA,NA,NA,NA,DC,NA,NA,NA,NA,NA,NA,NA,2016
NA,NA,NA,NA,1,NA,NA,NA,NA,NA,NA,NA,NA,FC,NA,NA,NA,NA,NA,NA,NA,2018
NA,NA,NA,NA,0,NA,NA,NA,NA,NA,NA,NA,NA,FC,NA,NA,NA,NA,NA,NA,NA,2018
NA,NA,NA,NA,0,NA,NA,NA,NA,NA,NA,NA,NA,PEC,NA,NA,NA,NA,NA,NA,NA,2022
NA,NA,NA,NA,0,NA,NA,NA,NA,NA,NA,NA,NA,PEC,NA,NA,NA,NA,NA,NA,NA,2022
NA,NA,NA,NA,0,NA,NA,NA,NA,NA,NA,NA,NA,PEC,NA,NA,NA,NA,NA,NA,NA,2022
NA,NA,NA,NA,0,NA,NA,NA,NA,NA,NA,NA,NA,PEC,NA,NA,NA,NA,NA,NA,NA,2022
NA,NA,NA,NA,0,NA,NA,NA,NA,NA,NA,NA,NA,PEC,NA,NA,NA,NA,NA,NA,NA,2022
NA,NA,NA,NA,0,NA,NA,NA,NA,NA,NA,NA,NA,RGG,NA,NA,NA,NA,NA,NA,NA,2019
NA,NA,NA,NA,0,NA,NA,NA,NA,NA,NA,NA,NA,RGG,NA,NA,NA,NA,NA,NA,NA,2019
NA,NA,NA,NA,0,NA,NA,NA,NA,NA,NA,NA,NA,RRiv,NA,NA,NA,NA,NA,NA,NA,2020
NA,NA,NA,NA,0,NA,NA,NA,NA,NA,NA,NA,NA,RRiv,NA,NA,NA,NA,NA,NA,NA,2020
NA,NA,NA,NA,1,NA,NA,NA,NA,NA,NA,NA,NA,SA,NA,NA,NA,NA,NA,NA,NA,2011
NA,NA,NA,NA,0,NA,NA,NA,NA,NA,NA,NA,NA,SA,NA,NA,NA,NA,NA,NA,NA,2011
NA,NA,NA,NA,0,NA,NA,NA,NA,NA,NA,NA,NA,SA,NA,NA,NA,NA,NA,NA,NA,2011
NA,NA,NA,NA,0,NA,NA,NA,NA,NA,NA,NA,NA,SA,NA,NA,NA,NA,NA,NA,NA,2011
NA,NA,NA,NA,0,NA,NA,NA,NA,NA,NA,NA,NA,SA,NA,NA,NA,NA,NA,NA,NA,2011
NA,NA,NA,NA,0,NA,NA,NA,NA,NA,NA,NA,NA,SA,NA,NA,NA,NA,NA,NA,NA,2011
NA,NA,NA,NA,0,NA,NA,NA,NA,NA,NA,NA,NA,SA,NA,NA,NA,NA,NA,NA,NA,2020
NA,NA,NA,NA,0,NA,NA,NA,NA,NA,NA,NA,NA,SA,NA,NA,NA,NA,NA,NA,NA,2020
NA,NA,NA,NA,0,NA,NA,NA,NA,NA,NA,NA,NA,SA,NA,NA,NA,NA,NA,NA,NA,2020
NA,NA,NA,NA,0,NA,NA,NA,NA,NA,NA,NA,NA,SA,NA,NA,NA,NA,NA,NA,NA,2020
NA,NA,NA,NA,NA,0,NA,NA,NA,NA,NA,NA,NA,DC,NA,NA,NA,NA,NA,NA,NA,2016
NA,NA,NA,NA,NA,0,NA,NA,NA,NA,NA,NA,NA,DC,NA,NA,NA,NA,NA,NA,NA,2016
NA,NA,NA,NA,NA,1,NA,NA,NA,NA,NA,NA,NA,FC,NA,NA,NA,NA,NA,NA,NA,2018
NA,NA,NA,NA,NA,0,NA,NA,NA,NA,NA,NA,NA,FC,NA,NA,NA,NA,NA,NA,NA,2018
NA,NA,NA,NA,NA,0,NA,NA,NA,NA,NA,NA,NA,PE,NA,NA,NA,NA,NA,NA,NA,2012
NA,NA,NA,NA,NA,0,NA,NA,NA,NA,NA,NA,NA,PE,NA,NA,NA,NA,NA,NA,NA,2012
NA,NA,NA,NA,NA,0,NA,NA,NA,NA,NA,NA,NA,PE,NA,NA,NA,NA,NA,NA,NA,2012
NA,NA,NA,NA,NA,0,NA,NA,NA,NA,NA,NA,NA,PE,NA,NA,NA,NA,NA,NA,NA,2012
NA,NA,NA,NA,NA,0,NA,NA,NA,NA,NA,NA,NA,PE,NA,NA,NA,NA,NA,NA,NA,2012
NA,NA,NA,NA,NA,0,NA,NA,NA,NA,NA,NA,NA,PE,NA,NA,NA,NA,NA,NA,NA,2012
NA,NA,NA,NA,NA,0,NA,NA,NA,NA,NA,NA,NA,PE,NA,NA,NA,NA,NA,NA,NA,2012
NA,NA,NA,NA,NA,0,NA,NA,NA,NA,NA,NA,NA,PE,NA,NA,NA,NA,NA,NA,NA,2012
NA,NA,NA,NA,NA,0,NA,NA,NA,NA,NA,NA,NA,PE,NA,NA,NA,NA,NA,NA,NA,2012
NA,NA,NA,NA,NA,0,NA,NA,NA,NA,NA,NA,NA,PE,NA,NA,NA,NA,NA,NA,NA,2012
NA,NA,NA,NA,NA,0,NA,NA,NA,NA,NA,NA,NA,PE,NA,NA,NA,NA,NA,NA,NA,2012
NA,NA,NA,NA,NA,0,NA,NA,NA,NA,NA,NA,NA,PE,NA,NA,NA,NA,NA,NA,NA,2012
NA,NA,NA,NA,NA,0,NA,NA,NA,NA,NA,NA,NA,PE,NA,NA,NA,NA,NA,NA,NA,2012
NA,NA,NA,NA,NA,0,NA,NA,NA,NA,NA,NA,NA,PE,NA,NA,NA,NA,NA,NA,NA,2012
NA,NA,NA,NA,NA,0,NA,NA,NA,NA,NA,NA,NA,PE,NA,NA,NA,NA,NA,NA,NA,2012
NA,NA,NA,NA,NA,0,NA,NA,NA,NA,NA,NA,NA,PE,NA,NA,NA,NA,NA,NA,NA,2012
NA,NA,NA,NA,NA,0,NA,NA,NA,NA,NA,NA,NA,PE,NA,NA,NA,NA,NA,NA,NA,2012
NA,NA,NA,NA,NA,0,NA,NA,NA,NA,NA,NA,NA,PE,NA,NA,NA,NA,NA,NA,NA,2012
NA,NA,NA,NA,NA,0,NA,NA,NA,NA,NA,NA,NA,PE,NA,NA,NA,NA,NA,NA,NA,2012
NA,NA,NA,NA,NA,0,NA,NA,NA,NA,NA,NA,NA,PE,NA,NA,NA,NA,NA,NA,NA,2012
NA,NA,NA,NA,NA,0,NA,NA,NA,NA,NA,NA,NA,PE,NA,NA,NA,NA,NA,NA,NA,2012
NA,NA,NA,NA,NA,0,NA,NA,NA,NA,NA,NA,NA,PE,NA,NA,NA,NA,NA,NA,NA,2012
NA,NA,NA,NA,NA,0,NA,NA,NA,NA,NA,NA,NA,PEC,NA,NA,NA,NA,NA,NA,NA,2007
NA,NA,NA,NA,NA,0,NA,NA,NA,NA,NA,NA,NA,PEC,NA,NA,NA,NA,NA,NA,NA,2007
NA,NA,NA,NA,NA,0,NA,NA,NA,NA,NA,NA,NA,PEC,NA,NA,NA,NA,NA,NA,NA,2007
NA,NA,NA,NA,NA,0,NA,NA,NA,NA,NA,NA,NA,PEC,NA,NA,NA,NA,NA,NA,NA,2007
NA,NA,NA,NA,NA,0,NA,NA,NA,NA,NA,NA,NA,PEC,NA,NA,NA,NA,NA,NA,NA,2007
NA,NA,NA,NA,NA,0,NA,NA,NA,NA,NA,NA,NA,PEC,NA,NA,NA,NA,NA,NA,NA,2007
NA,NA,NA,NA,NA,0,NA,NA,NA,NA,NA,NA,NA,PEC,NA,NA,NA,NA,NA,NA,NA,2007
NA,NA,NA,NA,NA,0,NA,NA,NA,NA,NA,NA,NA,PEC,NA,NA,NA,NA,NA,NA,NA,2007
NA,NA,NA,NA,NA,0,NA,NA,NA,NA,NA,NA,NA,PEC,NA,NA,NA,NA,NA,NA,NA,2007
NA,NA,NA,NA,NA,0,NA,NA,NA,NA,NA,NA,NA,PEC,NA,NA,NA,NA,NA,NA,NA,2007
NA,NA,NA,NA,NA,0,NA,NA,NA,NA,NA,NA,NA,PEC,NA,NA,NA,NA,NA,NA,NA,2007
NA,NA,NA,NA,NA,0,NA,NA,NA,NA,NA,NA,NA,PEC,NA,NA,NA,NA,NA,NA,NA,2007
NA,NA,NA,NA,NA,0,NA,NA,NA,NA,NA,NA,NA,PEC,NA,NA,NA,NA,NA,NA,NA,2007
NA,NA,NA,NA,NA,0,NA,NA,NA,NA,NA,NA,NA,PEC,NA,NA,NA,NA,NA,NA,NA,2007
NA,NA,NA,NA,NA,0,NA,NA,NA,NA,NA,NA,NA,PEC,NA,NA,NA,NA,NA,NA,NA,2007
NA,NA,NA,NA,NA,0,NA,NA,NA,NA,NA,NA,NA,PEC,NA,NA,NA,NA,NA,NA,NA,2022
NA,NA,NA,NA,NA,0,NA,NA,NA,NA,NA,NA,NA,PEC,NA,NA,NA,NA,NA,NA,NA,2022
NA,NA,NA,NA,NA,0,NA,NA,NA,NA,NA,NA,NA,PEC,NA,NA,NA,NA,NA,NA,NA,2022
NA,NA,NA,NA,NA,0,NA,NA,NA,NA,NA,NA,NA,PEC,NA,NA,NA,NA,NA,NA,NA,2022
NA,NA,NA,NA,NA,0,NA,NA,NA,NA,NA,NA,NA,PEC,NA,NA,NA,NA,NA,NA,NA,2022
NA,NA,NA,NA,NA,0,NA,NA,NA,NA,NA,NA,NA,RGG,NA,NA,NA,NA,NA,NA,NA,2019
NA,NA,NA,NA,NA,0,NA,NA,NA,NA,NA,NA,NA,RGG,NA,NA,NA,NA,NA,NA,NA,2019
NA,NA,NA,NA,NA,1,NA,NA,NA,NA,NA,NA,NA,SA,NA,NA,NA,NA,NA,NA,NA,2007
NA,NA,NA,NA,NA,1,NA,NA,NA,NA,NA,NA,NA,SA,NA,NA,NA,NA,NA,NA,NA,2007
NA,NA,NA,NA,NA,1,NA,NA,NA,NA,NA,NA,NA,SA,NA,NA,NA,NA,NA,NA,NA,2007
NA,NA,NA,NA,NA,1,NA,NA,NA,NA,NA,NA,NA,SA,NA,NA,NA,NA,NA,NA,NA,2007
NA,NA,NA,NA,NA,1,NA,NA,NA,NA,NA,NA,NA,SA,NA,NA,NA,NA,NA,NA,NA,2007
NA,NA,NA,NA,NA,1,NA,NA,NA,NA,NA,NA,NA,SA,NA,NA,NA,NA,NA,NA,NA,2007
NA,NA,NA,NA,NA,1,NA,NA,NA,NA,NA,NA,NA,SA,NA,NA,NA,NA,NA,NA,NA,2007
NA,NA,NA,NA,NA,1,NA,NA,NA,NA,NA,NA,NA,SA,NA,NA,NA,NA,NA,NA,NA,2007
NA,NA,NA,NA,NA,1,NA,NA,NA,NA,NA,NA,NA,SA,NA,NA,NA,NA,NA,NA,NA,2007
NA,NA,NA,NA,NA,1,NA,NA,NA,NA,NA,NA,NA,SA,NA,NA,NA,NA,NA,NA,NA,2007
NA,NA,NA,NA,NA,1,NA,NA,NA,NA,NA,NA,NA,SA,NA,NA,NA,NA,NA,NA,NA,2011
NA,NA,NA,NA,NA,1,NA,NA,NA,NA,NA,NA,NA,SA,NA,NA,NA,NA,NA,NA,NA,2011
NA,NA,NA,NA,NA,1,NA,NA,NA,NA,NA,NA,NA,SA,NA,NA,NA,NA,NA,NA,NA,2011
NA,NA,NA,NA,NA,1,NA,NA,NA,NA,NA,NA,NA,SA,NA,NA,NA,NA,NA,NA,NA,2011
NA,NA,NA,NA,NA,0,NA,NA,NA,NA,NA,NA,NA,SA,NA,NA,NA,NA,NA,NA,NA,2011
NA,NA,NA,NA,NA,1,NA,NA,NA,NA,NA,NA,NA,SA,NA,NA,NA,NA,NA,NA,NA,2020
NA,NA,NA,NA,NA,1,NA,NA,NA,NA,NA,NA,NA,SA,NA,NA,NA,NA,NA,NA,NA,2020
NA,NA,NA,NA,NA,1,NA,NA,NA,NA,NA,NA,NA,SA,NA,NA,NA,NA,NA,NA,NA,2020
NA,NA,NA,NA,NA,0,NA,NA,NA,NA,NA,NA,NA,SA,NA,NA,NA,NA,NA,NA,NA,2020
NA,NA,NA,NA,NA,0,NA,NA,NA,NA,NA,NA,NA,SF,NA,NA,NA,NA,NA,NA,NA,2007
NA,NA,NA,NA,NA,0,NA,NA,NA,NA,NA,NA,NA,SF,NA,NA,NA,NA,NA,NA,NA,2007
NA,NA,NA,NA,NA,0,NA,NA,NA,NA,NA,NA,NA,SF,NA,NA,NA,NA,NA,NA,NA,2007
NA,NA,NA,NA,NA,0,NA,NA,NA,NA,NA,NA,NA,SF,NA,NA,NA,NA,NA,NA,NA,2007
NA,NA,NA,NA,NA,0,NA,NA,NA,NA,NA,NA,NA,SF,NA,NA,NA,NA,NA,NA,NA,2007
NA,NA,NA,NA,NA,0,NA,NA,NA,NA,NA,NA,NA,SF,NA,NA,NA,NA,NA,NA,NA,2007
NA,NA,NA,NA,NA,0,NA,NA,NA,NA,NA,NA,NA,SF,NA,NA,NA,NA,NA,NA,NA,2007
NA,NA,NA,NA,NA,0,NA,NA,NA,NA,NA,NA,NA,SF,NA,NA,NA,NA,NA,NA,NA,2007
NA,NA,NA,NA,NA,0,NA,NA,NA,NA,NA,NA,NA,SF,NA,NA,NA,NA,NA,NA,NA,2007
