Capture Date,Subspecies,Source,Herd,Method,Permanent Id,Ear Tag,Collared?,Serial ,Freq1,Weight (kg),Sex,Age,Class,Temp1,Temp2 ,Temp3,HighTemp,Cnetgun Temp,"Injections (BOSE, IVEMECTIN, Antibiotic)",TISSUE,Blood Red 1,Blood Red 2,Blood Purple,Rump (mm),SWAB,Preg?,Start P,End P,Total P(min),Start H,End H,Total H,AMBIENT,Comments,,Movi Sero,Movi PCR,PI3Sero,EHDSero,EHD2Sero,CESero,BTV
10/20/2022,Rocky,,WH,DART,,R585,,49950,,,F,3,,,,,,,,,1,,1,,1,,15:06:00,,,,,,,,,,,,,,,
10/20/2022,Rocky,,WH,DART,,W580,,49971,,,F,4,,,,,,,,,1,,1,,1,,15:38,15:59,,,,,,,,,,,,,,
10/20/2022,Rocky,,WH,DART,,,,49976,,,F,ADULT,,,,,,,,,,,,,,,,,,,,,,DART HIT JUGULAR. NO SAMPLES COLLECTED. MORTALITY NEXT DAY. DATA SHEET LOST,,,,,,,,
10/20/2022,Rocky,,WH,DART,,,N,,,,F,ADULT,,,,,,,,,1,,1,,,,,,,,,,,DATA SHEET LOST,,,,,,,,
3/30/2022,Rocky,,Red River,dart,RR12,B82,Y,49968,148.6,,F,,,,,,,,,,1,1,1,,1,,,,,,,,,,,,,,,,,
3/30/2022,Rocky,,Red River,dart,RR29,P1197,Y,50011,149.46,,F,,,,,,,,,,1,1,1,,1,,,,,,,,,,,,,,,,,
3/30/2022,Rocky,,Red River,dart,RR30,P1198,Y,50004,149.32,,F,6,,,,,,,,,1,1,1,,1,,10:00,10:15,,,,,,,,,,,,,,
3/30/2022,Rocky,,Red River,dart,RR32,P1580,Y,50001,149.26,,F,2,,,,,,,,,1,1,1,,1,,,,,,,,,,,,,,,,,
3/30/2022,Rocky,,Red River,dart,RR33,P1579,Y,50034,149.92,,F,4+,,,,,,,,,1,1,1,,1,,,,,,,,,,,,,,,,,
3/30/2022,Rocky,,Red River,dart,RR34,P1835,Y,50022,149.68,,F,4.5,,,,,,,,,1,1,1,,1,,,,,,,,,,,,,,,,,
3/30/2022,Rocky,,Red River,dart,RR35,P1600,Y,49972,148.68,,F,3.5,,,,,,,,,1,,,,1,,14:20,14:25,,,,,,,,,,,,,,
3/30/2022,Rocky,,Red River,dart,RR36,P1837,Y,49981,148.86,,F,6,,,,,,,,,1,1,,,1,,,,,,,,,,,,,,,,,
3/30/2022,Rocky,,Red River,dart,RR37,P1593,Y,50032,149.88,,F,5+,,,,,,,,,1,1,1,,1,,,,15min,,,,,,,,,,,,,
3/30/2022,Rocky,,Red River,dart,RR38,P1194,Y,50010,149.44,,F,,,,,,,,,,,,,,,,,,,,,,,,,,,,,,,
3/29/2022,Rocky,,Red River,dart,RR25,P1832,Y,49947,148.18,,F,2.5,,,,,,,,,1,1,1,,1,,14:43,15:12,,,,,,,,,,,,,,
3/29/2022,Rocky,,Red River,dart,RR26,P1598,Y,49954,148.32,,F,3+,,,,,,,,,1,1,1,,1,,,,,,,,,,,,,,,,,
3/29/2022,Rocky,,Red River,dart,RR27,P1828,Y,50005,149.34,,F,,,,,,,,,,1,1,1,,1,,,,,,,,,,,,,,,,,
3/29/2022,Rocky,,Red River,dart,RR28,P1578,Y,49940,148.04,,F,,,,,,,,,,1,1,1,,1,,16:03,17:27,,,,,,,,,,,,,,
11/3/2021,desert,RR,AH,netgun:QS,AH52,P1822,,49988,,74,M,3,,105.6,103.8,,105.6,,1,,1,,1,0.32,1,,1350,1400,10,,,,,BCS=3,,,,,,,,
11/3/2021,desert,RR,AH,netgun:QS,AH53,P1816,,50021,,66,F,4,,105.6,103.8,,,,1,,1,,1,0.9,1,1,8:10,8:25,15,,,,,BCS=5.5,,,,,,,,
11/3/2021,desert,RR,AH,netgun:QS,AH54,P1575,,50037,,91,M,7,,104.1,103.9,103.4,,,1,,1,,1,,,,8:10,8:21,11,,,,,,,,,,,,,
11/3/2021,desert,RR,AH,netgun:QS,AH55,P1817,,50031,,64,F,5+,,103.5,103.5,103.2,,,1,,1,,1,0.66,1,1,8:10,8:25,15,,,,,BCS = 5,,,,,,,,
11/3/2021,desert,RR,AH,netgun:QS,AH56,P1574,,50027,,52,F,4+,,103.8,,,,,1,,1,,1,0.72,1,1,8:50,8:57,7,,,,,BCS = 4,,,,,,,,
11/3/2021,desert,RR,AH,netgun:QS,AH57,P1568,,50017,,61,F,3,,104.9,105,104.9,,,1,,1,,1,0.55,1,0,8:16,8:32,16,,,,,BCS=4,,,,,,,,
11/3/2021,desert,RR,AH,netgun:QS,AH58,P1812,,49944,,56,F,6+,,103.6,103.8,,,,1,,1,,1,0.9,1,1,9:10,9:20,10,,,,,BCS=5,,,,,,,,
11/3/2021,desert,RR,AH,netgun:QS,AH59,P1571,,50028,,85,M,6,,103.5,103.5,,,,1,,1,,1,0.38,1,,9:40,9:50,10,,,,,BCS= 3.5,,,,,,,,
11/3/2021,desert,RR,AH,netgun:QS,AH60,P1818,,50030,,97,M,7,,103.5,103.8,,,,1,,1,,1,0.26,1,,10:11,10:19,8,,,,,BCS = 3,,,,,,,,
11/3/2021,desert,RR,AH,netgun:QS,AH61,P1569,,50020,,96,M,6,,102.3,102.3,102.2,,,1,,1,,1,0.14,1,,8:50,8:59,9,,,,,,,,,,,,,
11/3/2021,desert,RR,AH,netgun:QS,AH62,P1813,NONE,,,59,M,,CI,104.1,103.6,,,,1,,1,,1,0.18,1,,9:09,9:17,8,,,,,,,,,,,,,
11/3/2021,desert,RR,AH,netgun:QS,AH63,P1570,,50023,,71,M,2.5,CI,105,105.4,105.1,,,1,,1,,1,0.27,1,,9:37,9:48,11,,,,,,,,,,,,,
11/3/2021,desert,RR,AH,netgun:QS,AH64,P1814,,49956,,60,F,5+,,106,106.2,,,,1,,1,,1,0.46,1,1,10:45,10:59,14,,,,,BCS = 4,,,,,,,,
11/3/2021,desert,RR,AH,netgun:QS,AH65,P1576,,49973,,57,F,6+,,103.5,,,,,1,,1,,1,0.67,1,1,10:45,10:56,14,,,,,BCS 4.5,,,,,,,,
11/3/2021,desert,RR,AH,netgun:QS,AH66,P1572,,50024,,85,M,3,,102.9,103.1,,,,1,,1,,1,,1,,11:15,11:34,19,,,,,BCS=2,,,,,,,,
11/3/2021,desert,RR,AH,netgun:QS,AH67,P1815,,50036,,102,M,8,,103.5,103.8,,,,1,,1,,1,0.13,1,,11:40,"11""52",12,,,,,bcs= 2.75,,,,,,,,
11/3/2021,desert,RR,AH,netgun:QS,AH68,P1589,NONE,,,55,M,1,,104.6,104.7,,,,1,,1,,1,0.06,1,,12:05,12:16:00,11,,,,,BCS=2.75,,,,,,,,
11/3/2021,desert,RR,AH,netgun:QS,AH69,P1577,,49938,,47,F,1,,105.7,105.5,,,,1,,1,,1,0.48,1,,12:46,12:58,12,,,,,BCS=4,,,,,,,,
11/3/2021,desert,RR,AH,netgun:QS,AH70,P1587,NONE,,,54,M,1,,105.5,105.3,,,,1,,1,,1,0.1,1,,13:10,13:25,15,,,,,BCS=3.5,,,,,,,,
11/3/2021,desert,RR,AH,netgun:QS,AH71,P1596,,49948,,60,F,6,,103.8,103.5,,,,1,,1,,1,1,1,,12:05,12:15,10,,,,,BCS=5.5,,,,,,,,
11/3/2021,desert,RR,AH,netgun:QS,AH72,P1573,,50029,,100,M,10,,104.5,104.5,,,,1,,1,,1,,1,,12:25,21:36,11,,,,,BCS=2,,,,,,,,
11/3/2021,desert,RR,AH,netgun:QS,AH73,P1590,,50033,,97,M,6,,103.8,103.8,,,,1,,1,,1,0.14,1,,13:10,13:20,10,,,,,BCS=3,,,,,,,,
11/2/2021,desert,RR,AH,netgun:QS,AH28,P1803,,50035,,59,F,5+,,103.9,104.5,,,,,,,,,0.47,,1,,,,,,,,bc=4,,,,,,,,
11/2/2021,desert,RR,AH,netgun:QS,AH29,P1552,,49998,,47,F,1,,103.2,104.3,105,105,,1,,1,,1,,1,na,810,821,,,,,,ICE WATER,,,,,,,,
11/2/2021,desert,RR,AH,netgun:QS,AH30,P1801,,49985,,60,F,4+,,103.8,103.1,,103.8,,1,,1,,1,0,,0,,,,,,,,BCS=2.5,,,,,,,,
11/2/2021,desert,RR,AH,netgun:QS,AH31,Y564,,50007,,62,F,6+,,105,106,106.1,106.1,,1,,1,,1,,,,831,840,9,,,,,"ENEMA, BANAMINE, RECAP",,,,,,,,
11/2/2021,desert,RR,AH,netgun:QS,AH32,P1555,,49961,,70,F,4+,,105,105,,105,,1,,1,,1,,,1,902,911,9,,,,,BANAMINE,,,,,,,,
11/2/2021,desert,RR,AH,netgun:QS,AH33,P1554,,49962,,58,F,4,,103.5,103.6,103.7,103.7,,1,,1,,1,,1,1,902,912,10,,,,,,,,,,,,,
11/2/2021,desert,RR,AH,netgun:QS,AH34,P1556,,49965,,57,F,6,,104.3,103.8,103.3,104.3,,1,,1,,1,0.19,1,1,930,940,10,,,,,,,,,,,,,
11/2/2021,desert,RR,AH,netgun:QS,AH35,P1558,,49963,,56,F,1,,107.4,,,107.4,,1,,1,,1,0.24,1,0,947,957,10,,,,,BCS=3; BANAMINE,,,,,,,,
11/2/2021,desert,RR,AH,netgun:QS,AH36,P1557,,49986,,46,F,2,,105.3,105.6,105.7,105.7,,1,,1,,1,,,,929,938,9,,,,,ENEMA ADMINISTERED,,,,,,,,
11/2/2021,desert,RR,AH,netgun:QS,AH37,P1805,,49966,,44,F,1,,104.9,104.8,104.5,,,1,,1,,1,0.14,,0,1003,1015,12,,,,,BCS=3,,,,,,,,
11/2/2021,desert,RR,AH,netgun:QS,AH38,G585,,49993,,56,F,8+,,102.2,102.2,,,,1,,1,,1,0.18,1,0,1045,1055,10,,,,,"BCS 3; ORNERY IN TRAILER, BROKEN HORNS, RECAP",,,,,,,,
11/2/2021,desert,RR,AH,netgun:QS,AH39,P1804,,49984,,54,F,5+,,104,104.3,104.2,104.3,,1,,1,,1,0.31,,0,1046,1100,14,,,,,BCS=3.5; LOSING TEETH NATURALLY,,,,,,,,
11/2/2021,desert,RR,AH,netgun:QS,AH40,P1819,,49997,,49,F,2,,104.5,105.1,105.1,105.1,,1,,1,,1,0.16,,,1115,1125,10,,,,,bcs=3,,,,,,,,
11/2/2021,desert,RR,AH,netgun:QS,AH41,P1559,,49994,,62,F,3,,103.2,103.4,103.6,103.6,,1,,1,,1,0.44,,1,1134,1146,12,,,,,,,,,,,,,
11/2/2021,desert,RR,AH,netgun:QS,AH42,P1582,,50019,,49,F,2,,106.4,,,106.4,,1,,1,,1,,1,0,1203,1213,10,,,,,ENEMA; BANAMINE,,,,,,,,
11/2/2021,desert,RR,AH,netgun:QS,AH43,P1820,,49958,,60,F,6+,,103.5,103.3,,103.5,,1,,1,,1,0.63,1,1,1135,1145,10,,,,,BCS 4.5,,,,,,,,
11/2/2021,desert,RR,AH,netgun:QS,AH44,P1581,NONE,,,55,M,2,,104.9,105,,105,,1,,1,,1,0.1,1,,1233,1243,10,,,,,BCS=2.75,,,,,,,,
11/2/2021,desert,RR,AH,netgun:QS,AH45,P1583,,49978,,64,F,4,,105.8,106,,106,,1,,1,,1,0.47,1,NOT CHECKED,1200,1210,10,,,,,BCS=4,,,,,,,,
11/2/2021,desert,RR,AH,netgun:QS,AH46,P1585,NONE,,,63,M,2,,,,,,,1,,1,,1,,,,1233,1244,11,,,,,ENEMA; BANAMINE,,,,,,,,
11/2/2021,desert,RR,AH,netgun:QS,AH47,P1821,,49980,,66,M,3,,104.2,103.8,,104.2,,1,,1,,1,0,1,,1235,1245,10,,,,,BCS=2.5,,,,,,,,
11/2/2021,desert,RR,AH,netgun:QS,AH48,P1584,,49999,,60,F,6+,,103.8,103.8,,103.8,,1,,1,,1,0.34,1,1,1300,1310,10,,,,,BCS=4,,,,,,,,
11/2/2021,desert,RR,AH,netgun:QS,AH49,P1823,,50026,,82,M,3,,105,106,106.2,,,1,,1,,1,0.17,1,,1301,1311,10,,,,,,,,,,,,,
11/2/2021,desert,RR,AH,netgun:QS,AH50,P1591,,49967,,92,M,6,,103.8,103.3,,,,1,,1,,1,0.12,1,,1321,1328,7,,,,,BCS=3,,,,,,,,
11/2/2021,desert,RR,AH,netgun:QS,AH51,P1841,NONE,,,57,M,2,,104.2,104.9,,104.9,,1,,1,,1,0.08,1,,1350,1402,12,,,,,BCS=2.75,,,,,,,,
10/31/2021,desert,,FC,netgun:QS,FC114,D54,,,,54,F,4,,,,,,,1,,1,,1,,,,,,,,,,,MORT AT PROCESSING,,,,,,,,
10/31/2021,desert,,FC,netgun:QS,FC115,P1833,,49983,148.9,61,F,6+,,102.1,101.6,101.4,,,1,,1,,1,,,,,,,,,,,,,,,,,,,
10/31/2021,desert,,FC,netgun:QS,FC116,P1599,,50006,149.36,66,F,6+,,102.3,,,,,1,,1,,1,,,,,,,,,,,,,,,,,,,
10/31/2021,desert,,FC,netgun:QS,FC117,P1597,,50009,149.42,88,M,6,,103.8,,,,,1,,1,,1,,,,,,,,,,,,,,,,,,,
10/31/2021,desert,,FC,netgun:QS,FC118,P1831,,49969,148.62,65,F,4+,,102,,,,,1,,1,,1,,,,,,,,,,,,,,,,,,,
10/31/2021,desert,,FC,netgun:QS,FC119,P1824,,50015,149.54,57,F,4+,,103.4,,,,,1,,1,,1,,,,,,,,,,,,,,,,,,,
10/31/2021,desert,,FC,netgun:QS,FC120,P1825,,49942,148.08,70,M,2,,103.8,,,,,1,,1,,1,,,,,,,,,,,,,,,,,,,
10/31/2021,desert,,FC,netgun:QS,FC121,P1826,,49953,148.3,55,F,4.5,,101.1,,,,,1,,1,,1,,,,,,,,,,,,,,,,,,,
10/31/2021,desert,,FC,netgun:QS,FC122,P1827,,49970,148.64,54,F,3,,103.6,,,,,1,,1,,1,,,,,,,,,,,,,,,,,,,
10/31/2021,desert,,FC,netgun:QS,FC123,P1829,,49946,148.16,48,F,2,,103.7,,,,,1,,1,,1,,,,,,,,,,,,,,,,,,,
10/31/2021,desert,,FC,netgun:QS,FC124,P1561,,49977,148.78,49,F,2.5,,105,104.9,104.9,,,1,,1,,1,,,,,,,,,,,,,,,,,,,
10/31/2021,desert,,FC,netgun:QS,FC125,P1807,,49974,148.72,50,F,3,,105.9,105.5,106.3,,,1,,1,,1,,,,,,,,,,,,,,,,,,,
10/31/2021,desert,,FC,netgun:QS,FC126,P1562,,49945,148.14,62,F,5,,102.5,,,,,1,,1,,1,,,,,,,,,,,,,,,,,,,
10/31/2021,desert,,FC,netgun:QS,FC127,P1563,,,,51,M,1,,103.4,103.6,,,,1,,1,,1,,,,,,,,,,,,,,,,,,,
10/31/2021,desert,,FC,netgun:QS,FC128,P1810,,49957,148.38,53,F,2,,103.4,,,,,1,,1,,1,,,,,,,,,,,,,,,,,,,
10/31/2021,desert,,FC,netgun:QS,FC129,P1564,,,,55,M,1,,104.1,104,,,,1,,1,,1,,,,,,,,,,,,,,,,,,,
10/31/2021,desert,,FC,netgun:QS,FC130,P1811,,49949,148.22,53,F,6+,,103.5,103.5,,,,1,,1,,1,,,,,,,,,,,,,,,,,,,
10/31/2021,desert,,FC,netgun:QS,FC131,P1592,,49951,148.26,60,F,3,,104.6,104.2,104.4,,,1,,1,,1,,,,,,,,,,,,,,,,,,,
10/31/2021,desert,,FC,netgun:QS,FC132,P1565,,49975,148.74,69,M ,3,,104,103.7,,,,1,,1,,1,,,,,,,,,,,,,,,,,,,
10/31/2021,desert,,FC,netgun:QS,FC133,P1566,,50012,149.48,73,F,6,,104.3,104.3,,,,1,,1,,1,,,,,,,,,,,,,,,,,,,
10/31/2021,desert,,FC,netgun:QS,FC134,P1567,,49959,148.42,86,F,4,,103.6,104.3,,,,1,,1,,1,,,,,,,,,,,,,,,,,,,
10/31/2021,desert,,FC,netgun:QS,FC135,P1089,,49952,148.28,71,M,3,,103.9,,,,,1,,1,,1,,,,,,,,,,,,,,,,,,,
10/31/2021,desert,,FC,netgun:QS,FC136,P1806,,50016,149.56,75,M,6+,,102.8,,,,,1,,1,,1,,,,,,,,,,,,,,,,,,,
10/31/2021,desert,,FC,netgun:QS,FC137,P1808,,49943,148.1,85,M,7,,105,105.4,105.2,,,1,,1,,1,,,,,,,,,,,,,,,,,,,
10/30/2021,desert,,SA,netgun:QS,SAE205,P1838,,49960,148.440,,F,6,,,,,,,1,,1,,1,,,,,,,,,,,PROCESSED ON MTN (NO WEIGHT OR TEMPS),,,,,,,,
10/30/2021,desert,,SA,netgun:QS,SAE206,P1850,,49964,148.520,,F,4,,,,,,,1,,1,,1,,,,,,,,,,,PROCESSED ON MTN (NO WEIGHT OR TEMPS),,,,,,,,
10/30/2021,desert,,SA,netgun:QS,SAR207,P1839,,49979,148.820,,M,4,,,,,,,1,,1,,1,,,,,,,,,,,PROCESSED ON MTN (NO WEIGHT OR TEMPS),,,,,,,,
10/30/2021,desert,,SA,netgun:QS,SAE208,P1847,,49982,148.880,,F,,,,,,,,1,,1,,1,,,,,,,,,,,PROCESSED ON MTN (NO WEIGHT OR TEMPS),,,,,,,,
10/30/2021,desert,,SA,netgun:QS,SAE209,P1836,,49987,148.980,,F,,,,,,,,1,,1,,1,,,,,,,,,,,PROCESSED ON MTN (NO WEIGHT OR TEMPS),,,,,,,,
10/30/2021,desert,,SA,netgun:QS,SAE210,P1846,,49989,149.020,,F,,,,,,,,1,,1,,1,,,,,,,,,,,PROCESSED ON MTN (NO WEIGHT OR TEMPS),,,,,,,,
10/30/2021,desert,,SA,netgun:QS,SAR211,P1848,,49990,149.040,,M,4,,,,,,,1,,1,,1,,,,,,,,,,,PROCESSED ON MTN (NO WEIGHT OR TEMPS),,,,,,,,
10/30/2021,desert,,SA,netgun:QS,SAE212,P1840,,49991,149.060,,F,,,,,,,,1,,1,,1,,,,,,,,,,,PROCESSED ON MTN (NO WEIGHT OR TEMPS),,,,,,,,
10/30/2021,desert,,SA,netgun:QS,SAE213,P1849,,49992,149.080,,F,5,,,,,,,1,,1,,1,,,,,,,,,,,PROCESSED ON MTN (NO WEIGHT OR TEMPS),,,,,,,,
10/30/2021,desert,,SA,netgun:QS,SAE214,P1594,,49995,149.140,,F,5,,,,,,,1,,1,,1,,,,,,,,,,,PROCESSED ON MTN (NO WEIGHT OR TEMPS),,,,,,,,
10/30/2021,desert,,SA,netgun:QS,SAR215,P1845,,49996,149.160,,M,3,,,,,,,1,,1,,1,,,,,,,,,,,PROCESSED ON MTN (NO WEIGHT OR TEMPS),,,,,,,,
10/30/2021,desert,,SA,netgun:QS,SAR216,P1595,,50002,149.280,,M,2,,,,,,,1,,1,,1,,,,,,,,,,,PROCESSED ON MTN (NO WEIGHT OR TEMPS),,,,,,,,
10/30/2021,desert,,SA,netgun:QS,SAE217,P1844,,50003,149.300,,F,8,,,,,,,1,,1,,1,,,,,,,,,,,PROCESSED ON MTN (NO WEIGHT OR TEMPS),,,,,,,,
10/30/2021,desert,,SA,netgun:QS,SAE218,P1830,,50008,149.400,,F,10+,,,,,,,1,,1,,1,,,,,,,,,,,PROCESSED ON MTN (NO WEIGHT OR TEMPS),,,,,,,,
10/30/2021,desert,,SA,netgun:QS,SAE219,P1834,,50013,149.500,,F,3,,,,,,,1,,1,,1,,,,,,,,,,,PROCESSED ON MTN (NO WEIGHT OR TEMPS),,,,,,,,
10/30/2021,desert,,SA,netgun:QS,SAE220,P1842,,50014,149.520,,F,4,,,,,,,1,,1,,1,,,,,,,,,,,,,,,,,,,
8/17/2021,Rocky,,Gold Hill,dart,RR23,P1536,Y,49190,150.13,,F,Ad,,,,,,,,,1,,1,,1,,934,1000,,,,,,,,,,,,,,
8/17/2021,Rocky,,Gold Hill,dart,RR24,P1537,Y,49173,149.93,,F,Ad,,,,,,,,,1,1,1,,1,,1251,1302,,,,,,,,,,,,,,
8/26/2020,Rocky,,vermejo,dart,V1,O35,Y,46066,150.92,,F,4+,,,,,,,,,1,1,1,,1,,,,,,,,,,,,,,,,,
5/21/2020,Rocky,,RGG,dart,RR6,B37/Y94,Y,45868,149.93,,F,11+,,,,,,,,,1,1,1,,1,,13:12,13:35,,,,,,"CALLED 6+ AT CAPTURE IN 2015, RECAP 2020",,,,,,,,
5/21/2020,Rocky,,RGG,dart,RR8,B18/B10,Y,45847,150.27,,F,11+,,,,,,,,,1,1,1,,1,,,,,,,,,"CALLED 6+ AT CAPTURE IN 2015, RECAP 2020",,,,,,,,
10/28/2020,DESERT,,LH,netgun:QS,LH204,P1008,,44507,150.630,90,M,6,,103.5,,,,,1,,1,1,1,,,,,,,,,,,,,,,,,,,
10/28/2020,DESERT,,LH,netgun:QS,LH205,P1009,,47309,149.630,80,F,6,,103.3,,,,,1,,1,1,1,,,,,,,,,,,,,,,,,,,
10/28/2020,DESERT,,LH,netgun:QS,LH206,P696,,47315,149.690,72,F,6+,,105.1,105,,,,1,,1,1,1,,,,,,,,,,,,,,,,,,,
10/28/2020,DESERT,,LH,netgun:QS,LH207,P617,,47306,149.600,64,F,6+,,104.7,,,,,1,,1,1,1,,,,,,,,,,,,,,,,,,,
10/28/2020,DESERT,,LH,netgun:QS,LH208,P1021,,47313,149.670,58,F,3,,102.6,,,,,1,,1,1,1,,,,,,,,,,,,,,,,,,,
10/28/2020,DESERT,,LH,netgun:QS,LH209,P769,,47332,149.860,54,F,1.5,,102.1,,,,,1,,1,1,1,,,,,,,,,,,,,,,,,,,
10/28/2020,DESERT,,LH,netgun:QS,LH210,P761,,47339,149.920,53,F,2,,103.8,,,,,1,,1,1,1,,,,,,,,,,,,,,,,,,,
10/28/2020,DESERT,,LH,netgun:QS,LH211,P619,,47341,149.940,62,M,1.5,,102.8,,,,,1,,1,1,1,,,,,,,,,,,,,,,,,,,
10/28/2020,DESERT,,LH,netgun:QS,LH212,P1013,,47342,149.950,61,F,2,,103.2,,,,,1,,1,1,1,,,,,,,,,,,,,,,,,,,
10/28/2020,DESERT,,LH,netgun:QS,LH213,P1003,,47345,149.980,68,F,5,,102,,,,,1,,1,1,1,,,,,,,,,,,,,,,,,,,
10/26/2020,DESERT,,PE,netgun:QS,PE217,P1022,,47307,149.610,69,F,6+,,102.9,,,,,1,,1,1,1,,,,,,,,,,,,,,,,,,,
10/26/2020,DESERT,,PE,netgun:QS,PE218,P444,,47343,149.960,64,F,3,,104.5,,,,,1,,1,1,1,,,,,,,,,,,,,,,,,,,
10/26/2020,DESERT,,PE,netgun:QS,PE219,P764,,45855,149.800,105,M,7,,102.7,,,,,1,,1,1,1,,,,,,,,,,,,,,,,,,,
10/26/2020,DESERT,,PE,netgun:QS,PE220,P768,,47333,149.870,46,?F,1.5,,,,,,,1,,1,1,1,,,,,,,,,,,,,,,,,,,
10/26/2020,DESERT,,PE,netgun:QS,PE221,P1010,,47312,,62,F,4+,,,,,,,1,,1,1,1,,,,,,,,,,,,,,,,,,,
10/26/2020,DESERT,,PE,netgun:QS,PE222,P909,,N/A,,50,M,1.5,,101.8,,,,,1,,1,1,1,,,,,,,,,,,,,,,,,,,
10/26/2020,DESERT,,PE,netgun:QS,PE223,P698,,47335,149.890,,M,7,,,,,,,1,,1,1,1,,,,,,,,,,,,,,,,,,,
10/26/2020,DESERT,,PE,netgun:QS,PE186,R109,,47326,,62,F,4,,,,,,,1,,1,1,1,,,,,,,,,,,"LEFT OLD ET, TUBES MAY BE LABELED P767",,,,,,,,
10/26/2020,DESERT,,PE,netgun:QS,PE193,R113,,47344,,63,F,6+,,105,,,,,1,,1,1,1,,,,,,,,,,,"LEFT OLD ET, TUBES MAY BE LABELED P1014",,,,,,,,
10/26/2020,DESERT,,PE,netgun:QS,PE203,R284,,47329,,69,F,7+,,,,,,,1,,1,1,1,,,,,,,,,,,"LEFT OLD ET, TUBES MAY BE LABELED P762",,,,,,,,
10/29/20,desert,,LA,netgun:QS,LA105,P363,,47318,149.720,,F,3,,,,,,,1,,1,1,1,,,,,,,,,,,,,,,,,,,
10/29/20,desert,,LA,netgun:QS,LA106,P770,,47330,149.840,,F,5,,,,,,,1,,1,1,1,,,,,,,,,,,,,,,,,,,
10/29/20,desert,,LA,netgun:QS,LA107,P1023,,47314,149.680,,F,3,,102.9,,,,,1,,1,1,1,,,,,,,,,,,,,,,,,,,
10/29/20,desert,,LA,netgun:QS,LA108,P1002,,47319,149.730,,F,2,,103,,,,,1,,1,1,1,,,,,,,,,,,,,,,,,,,
10/29/20,desert,,LA,netgun:QS,LA109,P1015,,47320,149.740,,F,4,,102.7,,,,,1,,1,1,1,,,,,,,,,,,,,,,,,,,
10/30/20,desert,,LA,netgun:QS,LA110,P762,,47354,150.070,67,F,10+,,101.6,,,,,1,,1,1,1,,,,,,,,,,,,,,,,,,,
10/30/20,desert,,LA,netgun:QS,LA111,P1018,,47327,149.810,63,F,4,,103.1,,,,,1,,1,1,1,,,,,,,,,,,,,,,,,,,
10/30/20,desert,,LA,netgun:QS,LA112,P1014,,47338,149.910,65,F,5+,,102.2,,,,,1,,1,1,1,,,,,,,,,,,,,,,,,,,
10/30/20,desert,,LA,netgun:QS,LA113,P767,,47352,150.050,81,F,6+,,102.6,,,,,1,,1,1,1,,,,,,,,,,,,,,,,,,,
10/30/20,desert,,LA,netgun:QS,LA114,P428,,47316,149.700,62,F,2,,102,,,,,1,,1,1,1,,,,,,,,,,,,,,,,,,,
10/30/20,desert,,LA,netgun:QS,LA115,P426,,47324,149.780,69,F,6,,101.3,,,,,1,,1,1,1,,,,,,,,,,,,,,,,,,,
10/30/20,desert,,LA,netgun:QS,LA116,O49,n,,n/a,,F,1,,,,,,,1,,1,1,1,,,,,,,,,,,,,,,,,,,
10/30/20,desert,,LA,netgun:QS,LA117,O32,n,,n/a,,M,1,,,,,,,1,,1,1,1,,,,,,,,,,,,,,,,,,,
10/30/20,desert,,LA,netgun:QS,LA118,O48,n,,n/a,,M,1,,,,,,,1,,1,1,1,,,,,,,,,,,,,,,,,,,
10/29/2020,desert,CA,SAC,netgun:QS,SAC035,P1025,,47331,149.850,53,F,?,,103.3,,,,,1,,1,1,1,,,,,,,,,,,,,,,,,,,
10/29/2020,desert,CA,SAC,netgun:QS,SAC036,P699,,47348,150.010,98,M,5,,104.5,,,,,1,,1,1,1,,,,,,,,,,,,,,,,,,,
10/29/2020,desert,CA,SAC,netgun:QS,SAC037,P765,,47328,149.820,83,M,5,,103.8,,,,,1,,1,1,1,,,,,,,,,,,,,,,,,,,
10/29/2020,desert,CA,SAC,netgun:QS,SAC038,P548,,47351,150.040,58,F,4+,,103.4,,,,,1,,1,1,1,,,,,,,,,,,,,,,,,,,
10/29/2020,desert,CA,SAC,netgun:QS,SAC039,P1016,,47337,149.900,62,F,6+,,104.3,103.1,103.6,,,1,,1,1,1,,,,,,,,,,,,,,,,,,,
10/29/2020,desert,CA,SAC,netgun:QS,SAC040,P766,,47322,149.760,63,F,4+,,105.6,,,,,1,,1,1,1,,,,,,,,,,,,,,,,,,,
10/29/2020,desert,CA,SAC,netgun:QS,SAC041,P700,,47350,150.030,63,F,3,,103.8,,,,,1,,1,1,1,,,,,,,,,,,,,,,,,,,
10/29/2020,desert,CA,SAC,netgun:QS,SAC042,P1007,,47325,149.790,64,F,3+,,103.2,,,,,1,,1,1,1,,,,,,,,,,,,,,,,,,,
10/29/2020,desert,CA,SAC,netgun:QS,SAC043,P1006,,47349,150.020,62,F,4+,,103.6,,,,,1,,1,1,1,,,,,,,,,,,,,,,,,,,
10/29/2020,desert,CA,SAC,netgun:QS,SAC044,P1024,,47311,149.650,52,F,1,,104.4,,,,,1,,1,1,1,,,,,,,,,,,,,,,,,,,
10/29/2020,desert,CA,SAC,netgun:QS,SAC045,P550,,47321,149.750,64,F,4+,,104,,,,,1,,1,1,1,,,,,,,,,,,,,,,,,,,
10/29/2020,desert,CA,SAC,netgun:QS,SAC046,P1012,,47334,149.880,61,F,6+,,104.2,,,,,1,,1,1,1,,,,,,,,,,,,,,,,,,,
10/29/2020,desert,CA,SAC,netgun:QS,SAC047,P1019,,47310,149.640,67,F,6+,,103,,,,,1,,1,1,1,,,,,,,,,,,,,,,,,,,
10/29/2020,desert,CA,SAC,netgun:QS,SAC048,P1011,,47308,149.620,62,F,4+,,,,,,,1,,1,1,1,,,,,,,,,,,,,,,,,,,
10/29/2020,desert,CA,SAC,netgun:QS,SAC049,P1017,,47317,149.710,47,F,1,,103.8,,,,,1,,1,1,1,,,,,,,,,,,,,,,,,,,
10/29/2020,desert,CA,SAC,netgun:QS,SAC050,P618,,47347,150.000,62,F,4+,,102,,,,,1,,1,1,1,,,,,,,,,,,,,,,,,,,
10/29/2020,desert,CA,SAC,netgun:QS,SAC051,P547,,47355,150.080,58,F,2,,102.2,,,,,1,,1,1,1,,,,,,,,,,,,,,,,,,,
10/29/2020,desert,CA,SAC,netgun:QS,SAC052,P1020,,47340,149.930,56,F,3,,102.5,,,,,1,,1,1,1,,,,,,,,,,,,,,,,,,,
10/29/2020,desert,CA,SAC,netgun:QS,SAC053,P697,,47346,149.990,60,F,4+,,103.8,,,,,1,,1,1,1,,,,,,,,,,,,,,,,,,,
10/29/2020,desert,CA,SAC,netgun:QS,SAC054,P1004,,47356,150.090,66,F,6+,,104,,,,,1,,1,1,1,,,,,,,,,,,,,,,,,,,
10/29/2020,desert,CA,SAC,netgun:QS,SAC055,P620,,47323,149.770,63,F,4+,,103.6,103.6,,,,1,,1,1,1,,,,,,,,,,,,,,,,,,,
10/29/2020,desert,CA,SAC,netgun:QS,SAC056,P1005,,47353,150.060,62,F,4+,,103.5,,,,,1,,1,1,1,,,,,,,,,,,,,,,,,,,
10/29/2020,desert,CA,SAC,netgun:QS,SAC057,P763,n,n/a,n/a,60,M,1.5,,103.8,,,,,1,,1,1,1,,,,,,,,,,,,,,,,,,,
10/29/2020,desert,CA,SAC,netgun:QS,SAC058,P549,n,n/a,n/a,59,M,1.5,,103.5,,,,,1,,1,1,1,,,,,,,,,,,,,,,,,,,
10/30/2018,desert,RR,PE,netgun:QS,PE184,R144_right,,,,40,M,lamb,,104.5,104.5,,,,1,1,1,1,1,,,,,,,,,,,,,,,,,,,
10/30/2018,desert,RR,PE,netgun:QS,PE185,R130_right,,,,32,F,lamb,,106.3,106.3,,,,1,1,1,1,1,,,,,,,,,,,,,,,,,,,
10/30/2018,desert,RR,PE,netgun:QS,PE186,R109_right,,47326,149.800,55,F,1.5/4,,104,104.2,,,,1,1,1,1,1,,,,,,,,,,,,,,,,,,,
10/30/2018,desert,RR,PE,netgun:QS,PE187,R132,,41876,149.309,70,F,8+,,103.5,103.6,,,,1,1,1,1,1,,,,,,,,,,,,,,,,,,,
10/30/2018,desert,RR,PE,netgun:QS,PE188,R133_right,,,,53,F,3,,104.5,104.5,,,,1,1,1,1,1,,,,,,,,,,,,,,,,,,,
10/30/2018,desert,RR,PE,netgun:QS,PE189,R107_right,,37519,148.574,61,F,2,,104.5,104.5,104.4,,,1,1,1,1,1,,,,,,,,,,,,,,,,,,,
10/30/2018,desert,RR,PE,netgun:QS,PE190,Y63_right,,,,48,M,1,,106,105.3,104.5,,,1,1,1,1,1,,,,,,,,,,,,,,,,,,,
10/30/2018,desert,RR,PE,netgun:QS,PE191,R131_RIGHT,,,,55,F,1.5,,106.1,108.3,,,,1,1,1,1,1,,,,,,,,,,,,,,,,,,,
10/30/2018,desert,RR,PE,netgun:QS,PE192,R134_right,,,,38,F,lamb,,103.8,103.3,,,,1,1,1,1,1,,,,,,,,,,,,,,,,,,,
10/30/2018,desert,RR,PE,netgun:QS,PE193,R113_right,,41887,149.419/ 149.970,68,F,4+/6+,,103.3,103.1,103.1,,,1,1,1,1,1,,,,,,,,,,,,,,,,,,,
10/30/2018,desert,RR,PE,netgun:QS,PE194,R108_right,,41875,149.300,66,F,4+,,102.7,103.3,,,,1,1,1,1,1,,,,,,,,,,,,,,,,,,,
10/30/2018,desert,RR,PE,netgun:QS,PE195,R143_right,,,,52,F,1.5,,102.7,102.9,,,,1,1,1,1,1,,,,,,,,,,,,,,,,,,,
10/30/2018,desert,RR,PE,netgun:QS,PE196,R123_right,,37727,149.063,60,F,2.5,,105.6,105.1,,,,1,1,1,1,1,,,,,,,,,,,,,,,,,,,
10/30/2018,desert,RR,PE,netgun:QS,PE197,R140_right,,,,51,F,2.5,,102.6,105.3,105.3,,,1,1,1,1,1,,,,,,,,,,,,,,,,,,,
10/30/2018,desert,RR,PE,netgun:QS,PE198,R114_right,,41880,149.349,72,M,2.5,,103.9,103.5,,,,1,1,1,1,1,,,,,,,,,,,,,,,,,,,
10/30/2018,desert,RR,PE,netgun:QS,PE199,Y394_right,,VHF,151.864,53,F,1.5,,103.8,103.8,103.8,,,1,1,1,1,1,,,,,,,,,,,,,,,,,,,
10/30/2018,desert,RR,PE,netgun:QS,PE200,Y77_right,,,,64,M,2,,106.5,106.3,106,,,1,1,1,1,1,,,,,,,,,,,,,,,,,,,
10/30/2018,desert,RR,PE,netgun:QS,PE201,R122_right,,41890,149.449,64,F,5+,,101.7,101.5,,,,1,1,1,1,1,,,,,,,,,,,,,,,,,,,
10/30/2018,desert,RR,PE,netgun:QS,PE202,R280_right,,,,51,F,1.5,,102.7,,,,,1,1,1,1,1,,,,,,,,,,,,,,,,,,,
10/30/2018,desert,RR,PE,netgun:QS,PE203,R284_right,,41888,149.43/   149.830,70,F,5+/7+,,104.2,104.2,104.4,,,1,1,1,1,1,,,,,,,,,,,,,,,,,,,
10/30/2018,desert,RR,PE,netgun:QS,PE204,R124_right,,41884,149.389,56,F,7+,,102.6,102.6,102.6,,,1,1,1,1,1,,,,,,,,,,,,,,,,,,,
10/30/2018,desert,RR,PE,netgun:QS,PE205,R112,,,,44,F,1.5,,104.4,,,,,1,1,1,1,1,,,,,,,,,,,,,,,,,,,
10/30/2018,desert,RR,PE,netgun:QS,PE206,R293,,37731,149.150,73,F,8+,,103.6,103.8,,,,1,1,1,1,1,,,,,,,,,,,,,,,,,,,
10/30/2018,desert,RR,PE,netgun:QS,PE207,R105_right,,39573,148.071,62,F,6+,,103.8,104.2,,,,1,1,1,1,1,,,,,,,,,,,,,,,,,,,
10/30/2018,desert,RR,PE,netgun:QS,PE208,R101_right,,41873,149.280,65,F,3.5,,103.8,104.2,,,,1,1,1,1,1,,,,,,,,,,,,,,,,,,,
10/30/2018,desert,RR,PE,netgun:QS,PE209,Y9_right,,VHF,151.062,50,F,2.5,,103.8,104.4,104.5,,,1,1,1,1,1,,,,,,,,,,,,,,,,,,,
10/30/2018,desert,RR,PE,netgun:QS,PE210,R110_right,,41893,149.479,87,M,7,,103.2,104,,,,1,1,1,1,1,,,,,,,,,,,,,,,,,,,
10/30/2018,desert,RR,PE,netgun:QS,PE211,Y362_right,,,,61,M,2,,103.8,103.6,,,,1,1,1,1,1,,,,,,,,,,,,,,,,,,,
10/30/2018,desert,RR,PE,netgun:QS,PE212,Y83_right,,41871,149.260,81,F,7+,,104.5,104.9,105.4,,,1,1,1,1,1,,,,,,,,,,,,,,,,,,,
10/30/2018,desert,RR,PE,netgun:QS,PE213,Y141_right,,,,47,M,lamb(11 mo),,103.6,,,,,1,1,1,1,1,,,,,,,,,,,,,,,,,,,
10/30/2018,desert,RR,PE,netgun:QS,PE214,Y17_right,,,,63,M,2,,104.4,,,,,1,1,1,1,1,,,,,,,,,,,,,,,,,,,
10/30/2018,desert,RR,PE,netgun:QS,PE215,Y16_right,,,,65,M,1.5,,103.6,,,,,1,1,1,1,1,,,,,,,,,,,,,,,,,,,
10/30/2018,desert,RR,PE,netgun:QS,PE216,Y1_right,,VHF,149.373,60,F,2.5,,103.6,,,,,1,1,1,1,1,,,,,,,,,,,,,,,,,,,
10/30/2018,desert,RR,LH,netgun:QS,LH202,R142,,,149.224,77,M,5,,104.5,104.5,104.5,,,1,1,1,1,1,,,,,,,,,,,,,,,,,,,
10/30/2018,desert,RR,LH,netgun:QS,LH203,Y395,,,,84,M,10,,102.7,103.1,102.6,,,1,1,1,1,1,,,,,,,,,,,,,,,,,,,
10/27/2018,desert,SA,SAC,netgun:QS,SAC001,R120,,41870,149.250,,F,5,,,,,,,,,,,,,,,,,,,,,,,,,,,,,,
10/27/2018,desert,SA,SAC,netgun:QS,SAC002,Y384,,41894,149.490,,F,6+,,,,,,,,,,,,,,,,,,,,,,,,,,,,,,
10/27/2018,desert,SA,SAC,netgun:QS,SAC003,Y4,,41886,149.409,,F,8,,,,,,,,,,,,,,,,,,,,,,,,,,,,,,
10/27/2018,desert,SA,SAC,netgun:QS,SAC004,Y7,,,,,M,2,,,,,,,,,,,,,,,,,,,,,,,,,,,,,,
10/27/2018,desert,SA,SAC,netgun:QS,SAC005,R111,,41883,149.380,,F,6+,,,,,,,,,,,,,,,,,,,,,,,,,,,,,,
10/27/2018,desert,SA,SAC,netgun:QS,SAC006,Y2,,41882,149.370,,M,9,,,,,,,,,,,,,,,,,,,,,,,,,,,,,,
10/27/2018,desert,SA,SAC,netgun:QS,SAC007,Y21,,,,,M,3,,,,,,,,,,,,,,,,,,,,,,,,,,,,,,
10/27/2018,desert,SA,SAC,netgun:QS,SAC008,R103,,41869,149.240,,F,4+,,,,,,,,,,,,,,,,,,,,,,,,,,,,,,
10/27/2018,desert,SA,SAC,netgun:QS,SAC009,Y387,,41877,149.320,,F,3,,,,,,,,,,,,,,,,,,,,,,,,,,,,,,
10/27/2018,desert,SA,SAC,netgun:QS,SAC010,Y23,,,,,F,1,,,,,,,,,,,,,,,,,,,,,,,,,,,,,,
10/27/2018,desert,SA,SAC,netgun:QS,SAC011,Y24,,,,,M,lamb,,,,,,,,,,,,,,,,,,,,,,,,,,,,,,
10/27/2018,desert,SA,SAC,netgun:QS,SAC012,Y8,,,,,M,lamb,,,,,,,,,,,,,,,,,,,,,,,,,,,,,,
10/27/2018,desert,SA,SAC,netgun:QS,SAC013,Y2,,,,,M,lamb,,,,,,,,,,,,,,,,,,,,,,,,,,,,,,
10/27/2018,desert,SA,SAC,netgun:QS,SAC014,Y78,,,,,M,lamb,,,,,,,,,,,,,,,,,,,,,,,,,,,,,,
10/27/2018,desert,SA,SAC,netgun:QS,SAC015,Y356,,41879,149.340,,F,6+,,,,,,,,,,,,,,,,,,,,,,,,,,,,,,
10/27/2018,desert,SA,SAC,netgun:QS,SAC016,Y85,,41885,149.399,,M,6.5,,,,,,,,,,,,,,,,,,,,,,,,,,,,,,
10/27/2018,desert,SA,SAC,netgun:QS,SAC017,Y357,,41897,149.520,,F,3,,,,,,,,,,,,,,,,,,,,,,,,,,,,,,
10/27/2018,desert,SA,SAC,netgun:QS,SAC018,Y358,,41898,149.530,,F,7+,,,,,,,,,,,,,,,,,,,,,,,,,,,,,,
10/27/2018,desert,SA,SAC,netgun:QS,SAC019,R291,,41881,149.359,,F,3,,,,,,,,,,,,,,,,,,,,,,,,,,,,,,
10/27/2018,desert,SA,SAC,netgun:QS,SAC020,Y97,,41896,149.509,,F,8+,,,,,,,,,,,,,,,,,,,,,,,,,,,,,,
10/27/2018,desert,SA,SAC,netgun:QS,SAC021,Y76,,41895,149.500,,F,5,,,,,,,,,,,,,,,,,,,,,,,,,,,,,,
10/27/2018,desert,SA,SAC,netgun:QS,SAC022,R104,,41874,149.290,,F,3,,,,,,,,,,,,,,,,,,,,,,,,,,,,,,
10/27/2018,desert,SA,SAC,netgun:QS,SAC023,Y393,,41878,149.330,,F,6,,,,,,,,,,,,,,,,,,,,,,,,,,,,,,
10/28/2018,desert,SA,SAC,netgun:QS,SAC024,Y70,,41872,149.269,,M,2,,,,,,,,,,,,,,,,,,,,,,,,,,,,,,
10/28/2018,desert,SA,SAC,netgun:QS,SAC025,R283,,41892,149.469,,M,5,,,,,,,,,,,,,,,,,,,,,,,,,,,,,,
10/28/2018,desert,SA,SAC,netgun:QS,SAC026,Y359,,41890,149.449,,F,8,,,,,,,,,,,,,,,,,,,,,,,,,,,,,,
10/28/2018,desert,SA,SAC,netgun:QS,SAC027,R121,,39579,149.132,,F,4,,,,,,,,,,,,,,,,,,,,,,,,,,,,,,
10/28/2018,desert,SA,SAC,netgun:QS,SAC028,R294,,41889,149.439,,F,6,,,,,,,,,,,,,,,,,,,,,,,,,,,,,,
10/28/2018,desert,SA,SAC,netgun:QS,SAC029,R290,,,,,M,2,,,,,,,,,,,,,,,,,,,,,,,,,,,,,,
10/28/2018,desert,SA,SAC,netgun:QS,SAC030,R292,,,,,M,lamb,,,,,,,,,,,,,,,,,,,,,,,,,,,,,,
10/28/2018,desert,SA,SAC,netgun:QS,SAC031,R106,,,,,M,1,,,,,,,,,,,,,,,,,,,,,,,,,,,,,,
10/28/2018,desert,SA,SAC,netgun:QS,SAC032,R282,,,,,M,2,,,,,,,,,,,,,,,,,,,,,,,,,,,,,,
10/28/2018,desert,SA,SAC,netgun:QS,SAC033,Y360,,37542,151.685,,F,4,,,,,,,,,,,,,,,,,,,,,,,,,,,,,,
10/28/2018,desert,SA,SAC,netgun:QS,SAC034,R281,,,,,M,2,,,,,,,,,,,,,,,,,,,,,,,,,,,,,,
3/6/2017,ROCKY,RR,JZ,DROPNET,JZ49,R279,,,NA,,F,4+,,,,,,,1,1,1,1,1,,,,,,,,,,,,,,,,,,,
3/6/2017,ROCKY,RR,JZ,DROPNET,JZ50,R275,,,NA,,F,1.5,,,,,,,1,1,1,1,1,,,,,,,,,,,,,,,,,,,
3/6/2017,ROCKY,RR,JZ,DROPNET,JZ51,R277,,,NA,,M,LAMB,,,,,,,1,,,,,,,,,,,,,,,,,,,,,,,
3/6/2017,ROCKY,RR,JZ,DROPNET,JZ52,R297,,37729,149.123,,F,3.5,,,,,,,1,1,1,1,1,,,,,,,,,,,,,,,,,,,
3/6/2017,ROCKY,RR,JZ,DROPNET,JZ53,R296,,,NA,,M,LAMB,,,,,,,1,,,,,,,,,,,,,,,,,,,,,,,
3/6/2017,ROCKY,RR,JZ,DROPNET,JZ54,R298,,37736,149.411,,F,6+,,,,,,,1,,,,,,,,,,,,,,,,,,,,,,,
3/6/2017,ROCKY,RR,JZ,DROPNET,JZ55,R164,,,NA,,F,1.5,,,,,,,1,1,1,1,1,,,,,,,,,,,,,,,,,,,
3/6/2017,ROCKY,RR,JZ,DROPNET,JZ56,R206,,,NA,,F,1.5,,,,,,,1,1,1,1,1,,,,,,,,,,,,,,,,,,,
3/6/2017,ROCKY,RR,JZ,DROPNET,JZ57,R180,,,NA,,F,1.5,,,,,,,1,,,,,,,,,,,,,,,,,,,,,,,
3/6/2017,ROCKY,RR,JZ,DROPNET,JZ58,R192,,37719,148.801,,F,4+,,,,,,,1,,,,,,,,,,,,,,,,,,,,,,,
3/6/2017,ROCKY,RR,JZ,DROPNET,JZ59,R299,,,NA,,F,2.50,,,,,,,1,1,1,1,1,,,,,,,,,,,,,,,,,,,
3/6/2017,ROCKY,RR,JZ,DROPNET,JZ60,R276,,,NA,,M,LAMB,,,,,,,1,1,1,1,1,,,,,,,,,,,,,,,,,,,
3/6/2017,ROCKY,RR,JZ,DROPNET,JZ61,R184,,33755,150.763,,F,6+,,,,,,,1,1,1,1,1,,,,,,,,,,,,,,,,,,,
3/6/2017,ROCKY,RR,JZ,DROPNET,JZ62,R267,,,NA,,M,3.5,,,,,,,1,1,1,1,1,,,,,,,,,,,,,,,,,,,
3/6/2017,ROCKY,RR,JZ,DROPNET,JZ63,R273,,,NA,,F,2.5,,,,,,,1,,0,,,,,,,,,,,,,,,,,,,,,
3/6/2017,ROCKY,RR,JZ,DROPNET,JZ64,R236,,33750,150.603,,F,4+ ,,,,,,,1,1,1,1,1,,,,,,,,,,,,,,,,,,,
3/6/2017,ROCKY,RR,JZ,DROPNET,JZ65,R239,,,NA,,F,LAMB,,,,,,,1,,,,,,,,,,,,,,,,,,,,,,,
3/6/2017,ROCKY,RR,JZ,DROPNET,JZ66,R242,,37713,148.482,,F,6+ ,,,,,,,1,1,1,1,1,,,,,,,,,,,,,,,,,,,
3/6/2017,ROCKY,RR,JZ,DROPNET,JZ67,R264,,,NA,,F,1.5,,,,,,,1,1,1,1,1,,,,,,,,,,,,,,,,,,,
3/7/2017,ROCKY,RR,JZ,DROPNET,JZ68,R269,,,NA,,M,1.5,,,,,,,1,1,1,1,1,,,,,,,,,,,,,,,,,,,
3/7/2017,ROCKY,RR,JZ,DROPNET,JZ69,R271,,,NA,,F,LAMB,,,,,,,1,1,1,1,0,,,,,,,,,,,,,,,,,,,
3/7/2017,ROCKY,RR,JZ,DROPNET,JZ70,R185,,,NA,,M,LAMB,,,,,,,1,0,0,0,0,,,,,,,,,,,,,,,,,,,
3/7/2017,ROCKY,RR,JZ,DROPNET,JZ71,R219,,33306,151.624,,F,6+,,,,,,,1,1,1,,1,,,,,,,,,,,,,,,,,,,
3/7/2017,ROCKY,RR,JZ,DROPNET,JZ72,R278,,33311,151.676,,F,4+,,,,,,,1,1,0,0,0,,,,,,,,,,,,,,,,,,,
3/8/2017,ROCKY,RR,JZ,DROPNET,JZ73,R159,,,NA,,M,2.5,,,,,,,1,1,1,1,1,,,,,,,,,,,,,,,,,,,
3/8/2017,ROCKY,RR,JZ,DROPNET,JZ74,R295,,,NA,,F,1.5,,,,,,,1,1,1,1,1,,,,,,,,,,,,,,,,,,,
3/8/2017,ROCKY,RR,JZ,DROPNET,JZ75,R287,,,NA,,F,5+,,,,,,,1,1,1,0,1,,,,,,,,,,,,,,,,,,,
3/8/2017,ROCKY,RR,JZ,DROPNET,JZ76,R154,,,NA,,F,7+,,,,,,,1,1,1,1,1,,,,,,,,,,,,,,,,,,,
3/8/2017,ROCKY,RR,JZ,DROPNET,JZ77,R285,,,NA,,F,6+,,,,,,,1,1,1,1,1,,,,,,,,,,,,,,,,,,,
3/8/2017,ROCKY,RR,JZ,DROPNET,JZ78,R231,,,NA,,F,2.5,,,,,,,1,1,1,1,1,,,,,,,,,,,,,,,,,,,
3/8/2017,ROCKY,RR,JZ,DROPNET,JZ79,R191,,,NA,,F,2.5,,,,,,,1,1,1,1,1,,,,,,,,,,,,,,,,,,,
3/8/2017,ROCKY,RR,JZ,DROPNET,JZ80,R246,,,NA,,M,LAMB,,,,,,,1,1,1,1,1,,,,,,,,,,,,,,,,,,,
3/8/2017,ROCKY,RR,JZ,DROPNET,JZ81,R289,,,NA,,F,4,,,,,,,1,1,1,1,1,,,,,,,,,,,,,,,,,,,
5/19/2018,Rocky,,RGG,dart,RG26,,,39583,,,M,5,,,,,,,,,,,,,,,,,,,,,,,,,,,,,,
5/19/2018,Rocky,,RGG,dart,RG27,,,39575,,,M,3,,,,,,,,,,,,,,,,,,,,,,,,,,,,,,
5/19/2018,Rocky,,RGG,dart,RG28,,,39567,,,M,3,,,,,,,,,,,,,,,,,,,,,,,,,,,,,,
4/14/2020,Rocky,,RGG,dart,RG29,B32,Y,44508,,,F,5+,,,,,,,,,,,,,,,,,,,,,,,,,,,,,,
4/9/2020,Rocky,,RGG,dart,RG30,Y48,Y,44485,150.32,,F,3.5,,,,,,,,,1,1,1,,1,,10:22,12:14,,,,,,,,,,,,,,
5/13/2020,Rocky,,RGG,dart,RG31,O47,Y,44505,150.59,,M,4,,,,,,,,,1,1,1,,1,,1005,1040,35,,,,,nasal discharge; TAOS JUNCTION,,,,,,,,
4/15/2020,Rocky,,RGG,dart,RG32,B26,Y,46211,151.48,,M,3,,102.2,,,,,,,1,1,1,,1,,,,,,,,,,,,,,,,,
4/8/2020,Rocky,,RGG,dart,RG33,O31,N,46165,151.08,,M,5,,101,,,,,,,1,1,1,,1,,,,,7:20,8:30,,,,,,,,,,,
4/22/2020,Rocky,,RGG,dart,RG34,Y50,Y,44480,,,F,4+,,,,,,,,,,,,,,,,,,,,,,,,,,,,,,
4/14/2020,Rocky,,RGG,dart,RG35,O40,Y,45990,149.96,,F,4,,,,,,,,,1,1,1,,1,,,,,,,,,,,,,,,,,
4/15/2020,Rocky,,RGG,dart,RG36,Y44,Y,45869,149.94,,M`,3,,,,,,,,,1,1,1,,1,,,,,,,,,,,,,,,,,
4/13/2020,Rocky,,RGG,dart,RG37,B29,Y,45939,149.26,,F,2,,100.2,,,,,,,1,1,1,,1,,,,,12:25,12:55,,,,,,,,,,,
3/11/2020,Rocky,,RGG,dart,RG38,B10,Y,46069,150.95,,F,3.5,,,,,,,,,1,1,1,,1,,2:55,3:12,,,,,,,,,,,,,,
4/14/2020,Rocky,,RGG,dart,RG39,O37,Y,46065,150.91,,F,2.5,,,,,,,,,1,1,1,,1,,,,,,,,,,,,,,,,,
4/14/2020,Rocky,,RGG,dart,RG40,Y46,Y,46067,150.93,,F,5+,,,,,,,,,1,1,1,,1,,,,,,,,,,,,,,,,,
4/14/2020,Rocky,,RGG,dart,RG41,B33,Y,46073,,,F,6+,,,,,,,,,,,,,,,,,,,,,,,,,,,,,,
4/14/2020,Rocky,,RGG,dart,RG42,B31,Y,45851,150.31,,M,5,,,,,,,,,1,1,1,,1,,840,928,,,,,,,,,,,,,,
4/22/2020,Rocky,,RGG,dart,RG43,B2,Y,45874,,,F,3+,,,,,,,,,,,,,,,,,,,,,,,,,,,,,,
5/8/2020,Rocky,,RGG,dart,RG44,O29,Y,45987,,,F,2,,,,,,,,,,,,,,,,,,,,,,,,,,,,,,
5/8/2020,Rocky,,RGG,dart,RG45,NA,Y,45988,,,M,4,,,,,,,,,,,,,,,,,,,,,,,,,,,,,,
5/13/2020,Rocky,,RGG,dart,RG46,Y45,Y,46071,150.97,,M,6+,,,,,,,,,1,1,1,,1,,1005,1110,65,,,,,nasal discharge; TAOS JUNCTION,,,,,,,,
4/16/2020,Rocky,,RGG,dart,RG47,B13,Y,45984,,,F,3,,,,,,,,,,,,,,,,,,,,,,,,,,,,,,
4/16/2020,Rocky,,RGG,dart,RG48,B1,Y,45833,,,F,3+,,,,,,,,,,,,,,,,,,,,,,,,,,,,,,
4/21/2020,Rocky,,RGG,dart,RG49,B4,N,NA,,,F,4,,102.4,,,,,,,1,1,1,,1,,,,,,,,,Capture Mortality: bloat vds accession 2020-50,,,,,,,,
4/22/2020,Rocky,,RGG,dart,RG50,B21,Y,45938,,,F,3,,,,,,,,,,,,,,,,,,,,,,,,,,,,,,
4/21/2020,Rocky,,RGG,dart,RG51,B50,Y,45871,149.96,,F,2,,102.7,,,,,,,1,1,1,,1,,,,,,,,,Aguaje,,,,,,,,
5/8/2020,Rocky,,RGG,dart,RG52,O38,Y,45941,,,F,4+,,,,,,,,,,,,,,,,,,,,,,,,,,,,,,
5/8/2020,Rocky,,RGG,dart,RG53,O39,Y,46072,,,M,3,,,,,,,,,,,,,,,,,,,,,,,,,,,,,,
4/17/2020,Rocky,,RGG,dart,RG54,O27,Y,46068,150.94,,M,6,,,,,,,,,1,1,1,,1,,13:16,13:58,,,,,,,,,,,,,,
4/16/2020,Rocky,,RGG,dart,RG55,Y47,Y,45872,,,F,2,,,,,,,,,,,,,,,,,,,,,,,,,,,,,,
4/22/2020,Rocky,,RGG,dart,RG56,O28,Y,45848,,,F,5+,,,,,,,,,,,,,,,,,,,,,,,,,,,,,,
4/17/2020,Rocky,,RGG,dart,RG57,B15,Y,45865,149.9,,F,4+,,,,,,,,,1,1,1,,1,,853,938,,,,,,,,,,,,,,
5/13/2020,Rocky,,RGG,dart,RG58,O46,Y,45989,149.95,,M,6+,,,,,,,,,1,1,1,,1,,1125,1202,37,,,,,TAOS JUNCTION,,,,,,,,
4/23/2020,Rocky,,RGG,dart,RG59,Y43,N,NA,,,M,1.5,,,,,,,,,1,1,1,,1,,,,,,,,,,,,,,,,,
4/23/2020,Rocky,,RGG,dart,RG60,Y49,N,NA,,,M,1.5,,102.4,,,,,,,1,1,1,,1,,13z;22,,,13:22,13:42,,,"healthy fat deposit, good body",,,,,,,,
12/11/2017,desert,Fra,Ladron,netgun:NMDGF,LA100,R578,,,149.443,67,F,6+,,105.4,,,,,1,1,1,1,1,,1,,15:40,15:47,,,,,,,,,,,,,,
12/11/2017,desert,Fra,Ladron,netgun:NMDGF,LA101,P586,,,149.334,65,F,6+,,103.1,,,,,1,1,1,1,1,,1,,16:40,16:44,,,,,,,,,,,,,,
12/11/2017,desert,Fra,Ladron,netgun:NMDGF,LA102,R513,,,149.313,58,F,3,,105.6,106.5,,,,1,1,1,1,1,,1,,16:40,16:48,,,,,,"cooled with h20 etoh, eye ointment terramycin",,,,,,,,
12/11/2017,desert,Fra,Ladron,netgun:NMDGF,LA103,P578,,,,45,M,lamb,,104.2,,,,,1,1,1,1,1,,1,,17:18,17:21,,,,,,,,,,,,,,
12/11/2017,desert,Fra,Ladron,netgun:NMDGF,LA104,P583,,,149.363,64,F,4,,105.4,,,,,1,1,1,1,1,,1,,17:18:00 AM,17:26,,,,,,terramycin for eyes,,,,,,,,
12/11/2017,desert,Fra,Ladron,netgun:NMDGF,LA83,R570,,39572,148.061,58,F,6,,103.9,,,,,1,1,1,1,1,,1,,8:10,8:19,,,,,,,,,,,,,,
12/11/2017,desert,Fra,Ladron,netgun:NMDGF,LA84,R577,,39576,148.103,65,M,2.5,,104,105.4,,,,1,1,1,1,1,,1,,8:32,8:42,,,,,,,,,,,,,,
12/11/2017,desert,Fra,Ladron,netgun:NMDGF,LA85,R510,,,NA,47,M,lamb,,102.7,,,,,1,1,1,1,1,,1,,9:05,9:13,,,,,,cut near left eye ewe doses,,,,,,,,
12/11/2017,desert,Fra,Ladron,netgun:NMDGF,LA86,R512,,39566,148.000,68,M,2.5,,105.8,105.1,,,,1,1,1,1,1,,1,,9:06,9:19,,,,,,,,,,,,,,
12/11/2017,desert,Fra,Ladron,netgun:NMDGF,LA87,R571,,39580,148.140,58,F,5,,103,,,,,1,1,1,1,1,,1,,9:57,10:04,,,,,,,,,,,,,,
12/11/2017,desert,Fra,Ladron,netgun:NMDGF,LA88,R575,,,NA,50,F,1,,104.7,,,,,1,1,1,1,1,,1,,9:59,10:06,,,,,,,,,,,,,,
12/11/2017,desert,Fra,Ladron,netgun:NMDGF,LA89,R517,,39587,148.210,72,F,6+,,104.6,,,,,1,1,1,0,1,,1,,10:41,10:48,,,,,,"OLD WHITE COLLAR, FREQUENCY ILLEGIBLE NO OLD EAR TAG",,,,,,,,
12/11/2017,desert,Fra,Ladron,netgun:NMDGF,LA90,R516,,39581,148.152,64,M,2.5,III,106,104.2,,,,1,1,1,1,1,,1,,11:30,11:36,,,,,,,,,,,,,,
12/11/2017,desert,Fra,Ladron,netgun:NMDGF,LA91,R511,,39585,148.193,66,F,adult,,104.2,,,,,1,1,1,1,1,,1,,11:30,11:38,,,,,,,,,,,,,,
12/11/2017,desert,Fra,Ladron,netgun:NMDGF,LA92,R519 ,,NA,149.413,54,F,2,,104.2,,,,,1,1,1,1,1,,1,,12:58,13:04,,,,,,,,,,,,,,
12/11/2017,desert,Fra,Ladron,netgun:NMDGF,LA93,R515,,,NA,46,M,lamb,,105.8,,,,,1,1,1,1,1,,1,,13:31,,,,,,,,,,,,,,,
12/11/2017,desert,Fra,Ladron,netgun:NMDGF,LA94,R574,,,NA,37,F,lamb,,105.3,,,,,1,1,1,1,1,,1,,13L58,14:02,,,,,,,,,,,,,,
12/11/2017,desert,Fra,Ladron,netgun:NMDGF,LA95,R518,,,149.293,58,F,2.5,,104.5,,,,,1,1,1,1,1,,1,,13:58,14:03,,,,,,,,,,,,,,
12/11/2017,desert,Fra,Ladron,netgun:NMDGF,LA96,R514,,,149.352,56,F,5,,106.2,106.7,,,,1,1,1,1,1,,1,,14:40,14:45,,,,,,COOLED WITH ETOH,,,,,,,,
12/11/2017,desert,Fra,Ladron,netgun:NMDGF,LA97,R594,,,149.382,63,F,4,,104.2,104.2,,,,1,1,1,1,1,,1,,14:41,14:49,,,,,,"Left eye demetzone (subconjunctivitis), Righ eye penicillin subconj, terramycin",,,,,,,,
12/11/2017,desert,Fra,Ladron,netgun:NMDGF,LA98,R591,,,,55,M,2.5,,105.6,106,,,,1,1,1,1,1,,1,,15:19,15:25,,,,,,COOLED WITH Etoh,,,,,,,,
12/11/2017,desert,Fra,Ladron,netgun:NMDGF,LA99,R595,,,,59,M,2.5,,104.2,,,,,1,1,1,1,1,,1,,15:40,15:43,,,,,,,,,,,,,,
12/11/2017,desert,Fra,Ladron,netgun:NMDGF,,NA,,,NA,,F,adult,,102.5,,,,,,,,,,,,,8:12,,,,,,,Dead on arrival; broken neck ,,,,,,,,
12/3/2017,desert,,San Andres,netgun:NMDGF,SAE186,W593,,,148.070,,F,adult,,105.3,105.7,,,,1,1,1,1,1,,1,,749,804,,,,,,Yellow 49 old ear tag,,1,1,,,,,
12/3/2017,desert,,San Andres,netgun:NMDGF,SAE200,W583,,,148.202,,F,adult,,104.2,104.1,,,,1,1,0,0,0,,1,,848,908,,,,,,,,1,0,,,,,
12/3/2017,desert,,San Andres,netgun:NMDGF,SAE201,R599,,,148.020,,F,3,,104.6,105.7,,,,1,1,1,0,1,,1,,1005,1021,,,,,,ET backward. Bloody nose,,1,0,,,,,
12/3/2017,desert,,San Andres,netgun:NMDGF,SAE203,R526,,,148.241,,F,2,,107.1,,,,,1,1,1,1,1,,1,,1200,1208,,,,,,"Right rear dwclaw injury used blue kote, walked off slower than others",,1,1,,,,,
12/3/2017,desert,,San Andres,netgun:NMDGF,SAE204,R537,,,148.010,,F,adult,,107.3,106.7,,,,1,1,1,0,1,,1,,1250,1300,,,,,,walked away but started wobbly. Was within 15 yds of us for ~10 seconds then walked away slowly. Searched for her from ship to make sure she was still up. Didropnet’t see her. ,,1,0,,,,,
12/3/2017,desert,,San Andres,netgun:NMDGF,SAR202,R598,,,148.132,,M,3,II,107.3,107.3,,,,1,1,1,1,1,,1,,10:25,1035,,,,,,resp 120,,1,0,,,,,
12/2/2017,desert,,San Andres,netgun:NMDGF,SAE187,R529,,,148.112,,F,adult,,102.4,,,,,1,1,1,1,1,,1,,7:52,8:02,,,,,,,,1,1,1,,,,
12/2/2017,desert,,San Andres,netgun:NMDGF,SAE190,W542,,,148.040,,F,5,,105.3,,,,,1,1,1,1,1,,1,,1006,1020,,,,,,,,1,0,,,,,
12/2/2017,desert,,San Andres,netgun:NMDGF,SAE191,G579,,,,,F,1,,102.8,,,,,1,1,1,0,1,,0,,1050,1112,,,,,,,,1,0,,,,,
12/2/2017,desert,,San Andres,netgun:NMDGF,SAE192,p581,,,148.031,,F,2,,106.5,106.2,,,,1,1,1,1,1,,1,,1157,1210,,,,,,,,1,0,,,,,
12/2/2017,desert,,San Andres,netgun:NMDGF,SAE193,R543,,,148.053,,F,2,,104.7,104.8,,,,1,1,1,1,1,,1,,1336,1348,,,,,,,,1,0,,,,,
12/2/2017,desert,,San Andres,netgun:NMDGF,SAE194,W557,,,148.221,,F,2,,107.1,107.1,,,,1,1,1,1,1,,1,,,1430,,,,,,backward ear tag,,0,0,,,,,
12/2/2017,desert,,San Andres,netgun:NMDGF,SAE195,G527,,,148.081,,F,4-5,,105.9,,,,,1,1,1,1,1,,1,,1539,1547,,,,,,,,1,0,1,,,,
12/2/2017,desert,,San Andres,netgun:NMDGF,SAE196,R541,,,148.230,,F,2,,,,,,,1,1,1,1,1,,1,,1230,,,,,,,,,0,0,,,,,
12/2/2017,desert,,San Andres,netgun:NMDGF,SAE198,P573,,,148.121,,F,adult,,102.9,,,,,1,1,1,0,0,,1,,,,,,,,,,,0,0,,,,,
12/2/2017,desert,,San Andres,netgun:NMDGF,SAR188,P575,,,148.182,,M,3,II,107.2,,,,,1,,1,1,1,,1,,8:16,8:28,,,,,,,,1,0,,,,,
12/2/2017,desert,,San Andres,netgun:NMDGF,SAR189,P574,,,148.162,,M,3.5,III,106.5,106,,,,1,1,1,0,1,,1,,,9:30,,,,,,,,1,0,,,,,
12/2/2017,desert,,San Andres,netgun:NMDGF,SAR197,W540,,,,,M,1,,106,,,,,1,1,1,0,1,,1,,,,,,,,,,,1,0,,,,,
10/27/2016,Rocky,na,Dry Cimarron,netgun:QS,DC76,W546,,,,64,F,3,,105.9,,,105.9,,3,1,1,1,1,7.4,1,0,8:25,8:37,12,,,,,Pacheco; Broken L horn; no preg noted,,,,,,,,
10/27/2016,Rocky,na,Dry Cimarron,netgun:QS,DC77,P528,,,,74,M,2,,106.3,,,106.3,,3,1,1,1,1,8.37,1,,8:25,8:37,12,,,,,Pacheco; ,,,,,,,,
10/27/2016,Rocky,na,Dry Cimarron,netgun:QS,DC78,R532,,,,76,M,1,,105.5,105.8,,105.8,0.3,3,1,1,1,1,9.2,1,,10:19,10:25,6,,,,,Wedding Cake,,,,,,,,
10/27/2016,Rocky,na,Dry Cimarron,netgun:QS,DC79,P522,,,,80,F,6+,,105.9,106.5,,106.5,0.6,3,1,1,1,1,7.1,1,,10:29,10:35,6,,,,,Wedding Cake,,,,,,,,
10/27/2016,Rocky,na,Dry Cimarron,netgun:QS,DC80,P525,,,,73,F,7+,,107.2,,,107.2,,3,1,1,1,1,5.43,1,,11:03,11:13,10,,,,,Wedding Cake,,,,,,,,
10/27/2016,Rocky,na,Dry Cimarron,netgun:QS,DC81,G577,,,,62,F,3,,103.9,103.6,,103.9,-0.3,3,1,1,1,1,5.4,1,,11:18,11:27,9,,,,,Wedding Cake,,,,,,,,
10/27/2016,Rocky,na,Dry Cimarron,netgun:QS,DC82,P518,,,,78,F,6+,,104.2,,,104.2,,3,1,1,0,1,6.32,1,,11:30,11:38,8,,,,,Wedding Cake,,,,,,,,
10/27/2016,Rocky,na,Dry Cimarron,netgun:QS,DC83,P529,,,,76,F,,,107.2,,,107.2,,3,1,1,1,1,8.2,1,,11:44,11:52,8,,,,,Wedding Cake,,,,,,,,
10/27/2016,Rocky,na,Dry Cimarron,netgun:QS,DC84,G578,,,,84,F,4+,,104.3,,,104.3,,3,1,1,1,1,6.27,1,,11:44,11:52,8,,,,,Wedding Cake; Broken R horn,,,,,,,,
10/27/2016,Rocky,na,Dry Cimarron,netgun:QS,DC85,P530,,,,80,F,,,106.6,,,106.6,,3,1,1,0,1,4.6,1,,12:03,12:10,7,,,,,Wedding Cake; Ice water enema,,,,,,,,
10/27/2016,Rocky,na,Dry Cimarron,netgun:QS,DC86,G576,,,,116,M,6,,105.7,106.1,106.1,106.1,0.4,3,1,1,1,1,8.78,1,,12:18,12:27,9,,,,,Wedding Cake,,,,,,,,
10/27/2016,Rocky,na,Dry Cimarron,netgun:QS,DC87,W545,,,,113,M,5,III,105.2,,,105.2,,3,1,1,1,1,8.8,1,,12:18,12:28,10,,,,,Wedding Cake,,,,,,,,
10/27/2016,Rocky,na,Dry Cimarron,netgun:QS,DC88,G575,,,,102,M,3.5,,104.9,,,104.9,,3,1,1,1,1,6.25,1,,12:43,12:55,12,,,,,Wedding Cake,,,,,,,,
10/27/2016,Rocky,na,Dry Cimarron,netgun:QS,DC89,G574,,,,100,M,3,II,106.5,,,106.5,,3,1,1,1,1,9.6,1,,12:45,12:53,8,,,,,Wedding Cake,,,,,,,,
10/27/2016,Rocky,na,Dry Cimarron,netgun:QS,DC90,W556,,,,116,M,8,III,110,,,110,,3,1,0,0,0,,1,,16:40,16:47,7,,,,,Black Mesa; 1.5cc banamine,,,,,,,,
10/27/2016,Rocky,na,Dry Cimarron,netgun:QS,,,,,,,,,,0,,,,,0,,,,,,,,,,,,,,,Netting injury. Dispatched,,,,,,,,
10/26/2016,DESERT,Red Rock,Peloncillos,netgun:QS,PE173,R581,,,,55,F,2,,106.3,,,106.3,,3,1,1,1,1,13,,1,8:01,8:07,6,,,,,Pregnant. Left lower eyelid abrasion.,,,,,,,,
10/26/2016,DESERT,Red Rock,Peloncillos,netgun:QS,PE174,W554,,,,63,F,6+,,104.4,104.8,105,105,0.6,3,1,1,1,1,8.7,,1,8:01,8:11,10,,,,,Pregnant,,,,,,,,
10/26/2016,DESERT,Red Rock,Peloncillos,netgun:QS,PE175,P526,,,,60,F,6,,101.6,,,101.6,,3,1,1,1,1,14.2,,1,8:42,8:49,7,,,,,Pregnant,,,,,,,,
10/26/2016,DESERT,Red Rock,Peloncillos,netgun:QS,PE176,P524,,,,54,F,3,,104.2,105,,105,0.8,3,1,1,1,1,9.4,,1,8:46,8:53,7,,,,,Pregnant,,,,,,,,
10/26/2016,DESERT,Red Rock,Peloncillos,netgun:QS,PE177,G587,,,,49,M,1,,106.8,106.6,,106.8,-0.2,3,1,1,1,1,7.5,,,9:39,9:47,8,,,,,NO COLLAR,,,,,,,,
10/26/2016,DESERT,Red Rock,Peloncillos,netgun:QS,PE178,G582,,,,82,M,3.5,III,104.5,104.3,,104.5,-0.2,3,1,1,1,1,10,,,10:38,10:46,8,,,,,PIT 900224000009374,,,,,,,,
10/26/2016,DESERT,Red Rock,Peloncillos,netgun:QS,PE179,W550,,,,80,M,6,III,106,105.8,,106,-0.2,3,1,1,1,1,10.5,,,11:12,11:20,8,,,,,PIT 900224000009431,,,,,,,,
10/26/2016,DESERT,Red Rock,Peloncillos,netgun:QS,PE180,P519,,,,68,M,2,II,105.1,105.4,,105.4,0.3,3,1,1,1,1,,,,11:31,,,,,,,"PIT 900224000009295, Ice bath enema",,,,,,,,
10/26/2016,DESERT,Red Rock,Peloncillos,netgun:QS,PE181,G583,,,,66,M,2,II,103.5,,,103.5,,3,1,1,1,1,6.3,,,11:33,11:39,6,,,,,PIT 900224000009454,,,,,,,,
10/26/2016,DESERT,Red Rock,Peloncillos,netgun:QS,PE182,W565,,,,78,M,5,III,105.6,106,,106,0.4,3,1,1,1,1,7.1,,,11:55,12:03,8,,,,,PIT 900224000009343. Ice water enema,,,,,,,,
10/26/2016,DESERT,Red Rock,Peloncillos,netgun:QS,PE183,P521,,,,86,M,8,III,103.8,,,103.8,,3,1,1,0,1,1.45,,,11:56,12:04,8,,,,,PIT900224000009400,,,,,,,,
10/26/2016,DESERT,Red Rock,Red Rock,netgun:QS,RR15,W564,,,,51,F,3,,106.3,,,106.3,,3,1,1,1,,,,0,9:11,9:18,7,,,,,No confirmed pregnancy. Lactated this year,,,,,,,,
10/26/2016,DESERT,Red Rock,Red Rock,netgun:QS,RR16,G585,,,,54,F,6+,,104,103.8,"104.3,103.2",104.3,-1.1,3,1,1,1,1,7.5,,1,9:12,9:22,10,,,,,Pregnant,,,,,,,,
10/26/2016,DESERT,Red Rock,Red Rock,netgun:QS,RR17,W579,,,,61,F,6+,,103.1,,,103.1,,3,1,1,1,1,7.57,,1,9:38,9:46,8,,,,,Pregnant VIT- 5 cm protruding,,,,,,,,
10/26/2016,DESERT,Red Rock,Red Rock,netgun:QS,RR18,R530,,,,47,F,1,,108.6,,,108.6,,3,1,1,1,1,6.28,,0,10:16,10:25,9,,,,,Not pregnant (1.5 ml banamine),,,,,,,,
10/26/2016,DESERT,Red Rock,Red Rock,netgun:QS,RR19,P520,,,,61,F,6+,,103.5,,,103.5,,2,1,1,1,1,7.65,,1,10:18,10:25,7,,,,,Pregnant VIT- 4 cm protruding,,,,,,,,
10/26/2016,DESERT,Red Rock,,netgun:QS,,,,,,82,M,,III,,,,,,0,1,,,,,,,11:10,,,,,,,Dispatched. Came in with broken back left leg above metatarsus.,,,,,,,,
10/24/2016,DESERT,na,FC,netgun:QS,FC100,G564,,,,56,F,6,,102.9,103,103.5,103.5,0.6,3,1,1,1,1,,,,10:55,11:04,9,,,,,MOUTH BLEEDING,,,,,,,,
10/24/2016,DESERT,na,FC,netgun:QS,FC101,W563,,,,55,F,adult,,103.8,103.8,,103.8,,3,1,1,1,1,,,,11:22,11:36,14,,,,,"Infected horns, lesions on face. Skin samples collected.",,,,,,,,
10/24/2016,DESERT,na,FC,netgun:QS,FC102,R533,,,,83,M,3,II,105.2,105.3,,105.3,0.1,3,1,1,1,1,,,,12:11,12:17,6,,,,,Front incisor broken,,,,,,,,
10/24/2016,DESERT,na,FC,netgun:QS,FC103,W572,,,,55,F,2,,103.5,104.2,,104.2,0.7,3,1,1,1,1,9.2,,,12:46,12:53,7,,,,,broken left horn,,,,,,,,
10/24/2016,DESERT,na,FC,netgun:QS,FC104,P515,,,,80,M,3,II,108.6,,,108.6,,3,1,1,1,1,13.4,,,13:34,13:40,6,,,,,banamine 1.5 ml IM and IV,,,,,,,,
10/24/2016,DESERT,na,FC,netgun:QS,FC105,P516,,,,38,F,1,,105.2,105.4,,105.4,0.2,3,1,1,1,1,12.1,,,14:25,14:33,8,,,,,,,,,,,,,
10/24/2016,DESERT,na,FC,netgun:QS,FC106,W581,,,,70,F,5,,105.3,105.3,,105.3,0,3,1,1,1,1,10,,,15:02,15:12,10,,,,,,,,,,,,,
10/24/2016,DESERT,na,FC,netgun:QS,FC107,G547,,,,70,F,7+,,101.5,102.2,,102.2,0.7,3,1,1,1,1,10.1,,,15:03,15:13,10,,,,,,,,,,,,,
10/24/2016,DESERT,na,FC,netgun:QS,FC108,R583,,,,54,F,2,,104.6,104.9,104.8,104.9,0.2,3,1,1,1,1,9.6,,,15:30,15:37,7,,,,,,,,,,,,,
10/24/2016,DESERT,na,FC,netgun:QS,FC109,G569,,,,78,M,4,II,108,,,108,,3,1,1,1,1,,,,16:07,16:14,7,,,,,,,,,,,,,
10/24/2016,DESERT,na,FC,netgun:QS,FC110,P512,,,,47,F,1+,,105.3,,,105.3,,3,1,1,1,1,7.52,,,16:09,16:15,6,,,,,,,,,,,,,
10/24/2016,DESERT,na,FC,netgun:QS,FC111,G530,,,,44,F,2,,107,,,107,,3,1,1,1,1,9.23,,,16:52,17:00,8,,,,,"2 years old with udder. Banamine adminstered, left horn half broken, ice water enema",,,,,,,,
10/24/2016,DESERT,na,FC,netgun:QS,FC112,P514,,,,52,F,3,,105.1,105.1,,105.1,,3,1,1,1,1,10.5,,,16:53,16:59,6,,,,,,,,,,,,,
10/24/2016,DESERT,na,FC,netgun:QS,FC113,R586,,,,72,M,3,,105.1,105.8,,105.8,0.7,3,1,1,1,1,13,,,17:35,17:45,10,,,,,,,,,,,,,
10/24/2016,DESERT,na,FC,netgun:QS,FC114,R587,,,,73,F,6+,,104.1,104.5,104.1,104.5,-0.4,3,1,1,1,1,7.52,,,12:46,12:53,7,,,,,,,,,,,,,
10/24/2016,DESERT,na,FC,netgun:QS,FC115,P513,,,,63,M,2,II,107.7,,,107.7,,3,1,1,1,1,,,,13:34,13:42,8,,,,,banamine 1.5 ml IM and IV,,,,,,,,
10/24/2016,DESERT,na,FC,netgun:QS,FC116,,,,,42,M,1,1,0,,,,,3,,,,,,,,,,,,,,,"NO COLLAR; Yearling Male, did not collar or ear tag",,,,,,,,
10/24/2016,DESERT,na,FC,netgun:QS,FC86,R589,,,,76,M,3,II,103.7,103.5,,103.7,0.2,3,1,1,1,1,,,,7:49,7:59,10,,,,,,,,,,,,,
10/24/2016,DESERT,na,FC,netgun:QS,FC87,P507,,,,57,F,4+,,102.9,102.9,,102.9,0,3,1,1,1,1,,,,7:50,8:00,10,,,,,,,,,,,,,
10/24/2016,DESERT,na,FC,netgun:QS,FC88,P511,,,,62,F,6+,,103.1,104.2,103.9,104.2,-0.3,3,1,1,1,1,,,,8:17,8:26,9,,,,,,,,,,,,,
10/24/2016,DESERT,na,FC,netgun:QS,FC89,W573,,,,61,F,4,,103.3,102.6,102.7,103.3,-0.6,3,1,1,1,1,,,,8:18,8:28,10,,,,,,,,,,,,,
10/24/2016,DESERT,na,FC,netgun:QS,FC90,G573,,,,57,F,6+,,103.2,102.5,,103.2,-0.7,3,1,1,1,1,,,,8:44,8:50,6,,,,,,,,,,,,,
10/24/2016,DESERT,na,FC,netgun:QS,FC91,R531,,,,61,F,3,,103.2,103.2,,103.2,0,3,1,1,1,1,,,,8:45,8:53,8,,,,,1 GPS post snapped off,,,,,,,,
10/24/2016,DESERT,na,FC,netgun:QS,FC92,W558,,,,66,F,6+,,102.5,102.7,102.6,102.7,-0.1,3,1,1,1,1,,,,9:25,9:34,9,,,,,,,,,,,,,
10/24/2016,DESERT,na,FC,netgun:QS,FC93,R584,,,,82,M,4,,104.8,,,104.8,,3,1,1,1,1,,,,9:25,9:32,7,,,,,,,,,,,,,
10/24/2016,DESERT,na,FC,netgun:QS,FC94,W574,,,,75,M,3,II,104.1,104.2,104.2,104.2,0.1,3,1,1,1,1,,,,9:47,9:55,8,,,,,,,,,,,,,
10/24/2016,DESERT,na,FC,netgun:QS,FC95,G580,,,,46,F,1,,106.6,106.2,,106.6,-0.4,3,1,1,1,1,,,,10:19,10:27,8,,,,,Foam on collar,,,,,,,,
10/24/2016,DESERT,na,FC,netgun:QS,FC96,W582,,,,66,F,6+,,104.9,104.8,105.1,105.1,0.3,3,1,1,1,1,,,,10:19,10:30,11,,,,,,,,,,,,,
10/24/2016,DESERT,na,FC,netgun:QS,FC97,G538,,,,79,M,6,III,102.9,102.9,103.2,103.2,0.3,3,1,1,1,1,,,,10:52,11:02,10,,,,,end of horns frayed-fighter!,,,,,,,,
10/24/2016,DESERT,na,FC,netgun:QS,FC98,W571,,,,73,M,5,III,104.3,,,104.3,,3,1,1,1,1,,,,10:52,10:59,7,,,,,,,,,,,,,
10/24/2016,DESERT,na,FC,netgun:QS,FC99,R582,,,,78,F,adult,,102.6,,,102.6,,3,1,1,1,1,10,,,10:54,11:01,7,,,,,,,,,,,,,
10/24/2016,desert,,,,,na,,na,na,42,M,,CI,,,,,,,,1,1,1,,1,,9:47,9:49,,,,,,,,,,,,,,
10/23/2016,DESERT,na,Ladron,netgun:QS,dead,,,,,,,,,0,,,,,,,,,,,,,,,,,,,,,,,,,,,,
10/23/2016,DESERT,na,Ladron,netgun:QS,LA58,P509,,,,,F,Adult,,104.1,,,104.1,,,1,1,1,1,,,,1348,,,,,,,"old collar 151.000, old ear tag purple or pink, number illegible",,,,,,,,
10/23/2016,DESERT,na,Ladron,netgun:QS,LA76,W569,,,,,,,,0,,,,,3,1,0,0,0,,,,,,,,,,,Quicksilver,,,,,,,,
10/23/2016,DESERT,na,Ladron,netgun:QS,LA77,P517,,,,,F,4,,0,,,,,3,1,0,0,0,,,,,,,,,,,QuicksilverLeft horn previously broken 3/4,,,,,,,,
10/23/2016,DESERT,na,Ladron,netgun:QS,LA78,P523,,,,,F,4,,0,,,,,3,1,0,0,0,,,,,,,,,,,Quicksilver,,,,,,,,
10/23/2016,DESERT,na,Ladron,netgun:QS,LA79,G586,,,,,,,,0,,,,,3,1,0,0,0,,,,,,,,,,,Quicksilver,,,,,,,,
10/23/2016,DESERT,na,Ladron,netgun:QS,LA80,R580,,,,,F,3,,0,,,,,3,1,0,0,0,,,,,,,,,,,Quicksilver,,,,,,,,
10/23/2016,DESERT,na,Ladron,netgun:QS,LA81,G563,,,,,F,2,,104.5,,,104.5,,3,1,1,1,1,,,,1500,1512,,,,,,,,,,,,,,
10/23/2016,DESERT,na,Ladron,netgun:QS,LA82,R588,,,,,F,adult,,105,,,105,,3,1,1,1,1,,,,1500,1512,,,,,,,,,,,,,,
10/23/2016,DESERT,na,Ladron,netgun:QS,LA83,W561,,,,,F,Adult,,102.5,103.1,,103.1,0.6,,1,1,1,1,,,,1410,1418,,,,,,Top of left horn broken a bit. Was caught with yearling sheep,,,,,,,,
10/23/2016,DESERT,na,Ladron,netgun:QS,LA84,W566,,,,,M,2,II,0,,,,,,,1,0,1,,,,1500,1512,12,,,,,,,,,,,,,
3/31/2016,Rocky,QU,JZ,dart,JZ47,P508,,,,,M,2.5,II,,,,,,,,1,,1,,,,,,,,,,,NO COLLAR,,,,,,,,
3/31/2016,Rocky,QU,JZ,dart,JZ48,P510,,,,,M,2.5,II,,,,,,,,1,,1,,,,,,,,,,,NO COLLAR,,,,,,,,
3/30/2016,Rocky,QU,JZ,dart,JZ46,"P505, P506",,,,,M,9,,,,,,,,,1,,1,,,,,,,,,,,,,,,,,,,
3/30/2016,Rocky,,Red River,dart,JZ46,P505/506,Y,,149.135,,M,9,CIV,,,,,,,,1,1,1,,1,,,,,,,,,,,,,,,,,
2/16/2015,Rocky,na,RRV,dropnet,QM11,B24,,,,60,F,6,,105.1,,,105.1,,3,0,1,1,1,9,,,11:26,11:34,0:08,11:00,11:34,0:34,,"FECAL, HAIR, GOLD TOP BT",,,,,,,,
2/16/2015,Rocky,na,RRV,dropnet,QM16,G37,,,,72,F,7+,,103.7,,,103.7,,3,0,1,1,1,8,,,11:17,11:26,0:09,11:00,11:27,0:27,,"FECAL, HAIR, GOLD TOP BT",,,,,,,,
2/16/2015,Rocky,na,RRV,dropnet,QM18,B46,,,,61,F,3,,107.1,,,107.1,,3,0,1,1,1,10,,,11:26,11:38,0:12,11:00,11:39,0:39,,"FECAL, HAIR, GOLD TOP BT",,,,,,,,
2/16/2015,Rocky,na,RRV,dropnet,QM4,B50,,,,52,F,4,,103.5,,,103.5,,3,0,1,1,1,9,,,11:07,11:15,0:08,11:00,11:15,0:15,,"FECAL, HAIR, GOLD TOP BT",,,,,,,,
2/16/2015,Rocky,na,RRV,dropnet,QM5,B47,,,,52,F,1.5,,106,,,106,,3,0,1,1,1,11,,,11:17,11:25,0:08,11:00,11:25,0:25,,"FECAL, HAIR, GOLD TOP BT",,,,,,,,
2/16/2015,Rocky,na,RRV,dropnet,QM6,Y143,,,,60,F,6+,,104.4,,,104.4,,3,0,1,1,1,8,,,11:06,11:14,0:08,11:00,11:15,0:15,,"FECAL, HAIR, GOLD TOP BT",,,,,,,,
2/16/2015,Rocky,na,RRV,dropnet,QM7,W4,,,,73,F,5+,,106.4,,,106.4,,3,0,1,1,1,11,,,11:16,11:24,0:08,11:00,11:25,0:25,,"FECAL, HAIR, GOLD TOP BT",,,,,,,,
2/16/2015,Rocky,na,RRV,dropnet,QM8,Y94,,,,70,F,6+,,106.6,,,106.6,,3,0,1,1,1,10,,,11:34,11:40,0:06,11:00,11:40,0:40,,"FECAL, HAIR, GOLD TOP BT",,,,,,,,
2/3/2015,Rocky,na,RRV,dropnet,QM12,W14,,,,54,F,1.5,,103.1,,,103.1,,3,0,1,1,1,10,,,11:16,11:23,0:07,11:11,11:23,0:12,,"FECAL, HAIR, GOLD TOP BT",,,,,,,,
2/3/2015,Rocky,NA,RRV,dropnet,QM19,O2,,,,51,F,1.5,,105.1,,,105.1,,3,0,1,1,1,9,,,11:18,11:25,0:07,11:11,11:25,0:14,,"FECAL, HAIR, GOLD TOP BT",,,,,,,,
2/3/2015,Rocky,NA,RRV,dropnet,QM20,W336,,,,64,F,7+,,104.4,,,104.4,,3,0,1,1,1,7,,,11:25,11:30,0:05,11:11,11:30,0:19,,"FECAL, HAIR, GOLD TOP BT",,,,,,,,
2/2/2015,Rocky,na,RRV,dropnet,QM10,B10,,,,71,F,6+,,105.9,,,105.9,,3,0,1,1,1,13,,,15:42,15:47,0:05,15:00,15:47,0:47,,"FECAL, HAIR, GOLD TOP BT",,,,,,,,
2/2/2015,Rocky,na,RRV,dropnet,QM13,R25,,,,72,F,6+,,106.3,,,106.3,,3,0,1,1,1,6,,,15:21,15:29,0:08,15:00,15:29,0:29,,"FECAL, HAIR, GOLD TOP BT",,,,,,,,
2/2/2015,Rocky,na,RRV,dropnet,QM14,B82,,,,64,F,5+,,107.1,,,107.1,,3,0,1,1,1,10,,,15:35,,,15:00,,,,"COLD WATER ENEMA,FECAL, HAIR, GOLD TOP BT",,,,,,,,
2/2/2015,Rocky,na,RRV,dropnet,QM15,R18,,,,78,F,4,,105.4,,,105.4,,3,0,1,1,1,8,,,15:20,15:27,0:07,15:00,15:27,0:27,,"FECAL, HAIR, GOLD TOP BT",,,,,,,,
2/2/2015,Rocky,na,RRV,dropnet,QM17,B53,,,,58,F,2,,104.6,,,104.6,,3,0,1,1,1,11,,,15:05,15:18,0:13,15:05,15:18,0:13,,"FECAL, HAIR, GOLD TOP BT",,,,,,,,
2/2/2015,Rocky,na,RRV,dropnet,QM2,O44,,,,74,F,7.5,,105.3,105.4,,105.4,0.1,3,0,1,1,1,11,,,,,,3:00 PM,15:43,,,"FECAL, HAIR, GOLD TOP BT",,,,,,,,
2/2/2015,Rocky,NA,RRV,dropnet,QM21,Y390,,,,60,F,2.5,,105.7,,,105.7,,3,0,1,1,1,12,,,15:30,15:39,0:09,15:00,15:39,0:39,,"FECAL, HAIR, GOLD TOP BT",,,,,,,,
2/2/2015,Rocky,NA,RRV,dropnet,QM22,G46,,,,90,M,4.5,,104.7,,,104.7,,3,0,1,1,1,,,,15:26,15:30,0:04,15:00,15:30,0:30,,"FECAL,  GOLD TOP BT",,,,,,,,
2/2/2015,Rocky,NA,RRV,dropnet,QM23,W19,,,,92,M,4.5,,104.6,,,104.6,,3,0,1,1,1,4,,,15:07,15:16,0:09,15:00,15:16,0:16,,"FECAL, HAIR, GOLD TOP BT",,,,,,,,
2/2/2015,Rocky,NA,RRV,dropnet,QM24,y144,,,,60,M,2,,100.4,,,100.4,,3,0,1,1,1,4,,,15:15,15:24,0:09,15:00,15:24,0:24,,"NO COLLAR;FECAL, HAIR, GOLD TOP BT",,,,,,,,
2/2/2015,Rocky,na,RRV,dropnet,QM9,W13,,,,70,F,5+,,106.3,,,106.3,,3,0,1,1,1,10,,,15:40,15:48,0:08,15:00,15:48,0:48,,"FECAL, HAIR, GOLD TOP BT",,,,,,,,
11/19/2014,DESERT,RR,BH,netgun:QS,14,O31,,,,79,M,4,,103.5,,,103.5,,3,0,1,1,1,,,,10:36,,,,,,,PIGMENTARY KERATITIS-0.U. BOTH EYES…AVISUAL; RETURNED TO RED ROCK,42,,,,,,,
11/19/2014,DESERT,RR,BH,netgun:QS,BH175,Y181,,,,61,F,4,,104.6,104.3,,104.6,-0.3,3,0,1,1,1,,,,8:13,8:19,0:06,8:12,8:20,0:08,,,33,,,,,,,
11/19/2014,DESERT,RR,BH,netgun:QS,BH176,R6,,,,48,F,2,,105.4,105.4,,105.4,0,3,0,1,1,1,,,,8:56,9:00,0:04,8:53,9:01,0:08,,,37,,,,,,,
11/19/2014,DESERT,RR,BH,netgun:QS,BH177,Y177,,,,65,F,6+,,103.4,,,103.4,,3,0,1,1,1,,,,8:52,8:54,0:02,8:48,8:55,0:07,,,36,,,,,,,
11/19/2014,DESERT,RR,BH,netgun:QS,BH178,G30,,,,53,F,2,,104.7,,,104.7,,3,0,1,1,1,,,,9:45,9:51,0:06,9:38,9:52,0:14,,,41,,,,,,,
11/19/2014,DESERT,RR,BH,netgun:QS,BH179,P28,,,,68,F,4+,,103.3,,,103.3,,3,0,1,1,1,,,,8:13,8:18,0:05,8:12,8:19,0:07,,,34,,,,,,,
11/19/2014,DESERT,RR,BH,netgun:QS,BH180,Y46,,,,60,F,4+,,102.5,,,102.5,,3,0,1,1,1,,,,8:50,8:53,0:03,8:49,8:55,0:06,,,37,,,,,,,
11/19/2014,DESERT,RR,BH,netgun:QS,BH181,B82,,,,64,F,6+,,104.6,104.3,,104.6,-0.3,3,0,1,1,1,,,,8:56,9:00,0:04,8:55,9:01,0:06,,,,,,,,,,
11/19/2014,DESERT,RR,BH,netgun:QS,BH182,R40,,,,67,F,6+,,105.3,103.4,,105.3,-1.9,3,0,1,1,1,,,,9:39,9:44,0:05,9:39,9:45,0:06,,,39,,,,,,,
11/19/2014,DESERT,RR,BH,netgun:QS,BH183,Y34,,,,104,M,8,IV,103.7,,,103.7,,3,0,1,1,1,,,,9:45,9:50,0:05,9:39,9:51,0:12,,,,,,,,,,
11/19/2014,DESERT,RR,BH,netgun:QS,BH184,R23,,,,79,M,7,,105.2,105.3,,105.3,,3,0,1,1,1,,,,10:22,10:29,0:07,10:22,10:29,0:07,,,42,,,,,,,
11/19/2014,DESERT,RR,BH,netgun:QS,BH185,O47,,,,71,M,2,I,104.9,,,104.9,,3,0,1,1,1,,,,11:26,11:30,0:04,11:20,11:30,0:10,,NO COLLAR,43,,,,,,,
11/19/2014,DESERT,RR,BH,netgun:QS,BH186,P37,,,,86,M,4,III,105.2,104.5,,105.2,,3,0,1,1,1,,,,15:33,15:37,0:04,15:29,15:38,0:09,,.4 ML HALOPERIDOL,52,,,,,,,
11/19/2014,DESERT,RR,BH,netgun:QS,BH187,G36,,,,91,M,7,IV,103.7,,,103.7,,3,0,1,1,1,,,,12:05,12:09,0:04,12:04,12:11,0:07,,,50,,,,,,,
11/19/2014,DESERT,RR,BH,netgun:QS,BH188,P26,,,,111,M,9,IV,104.5,,,104.5,,3,0,1,1,1,,,,12:51,12:57,0:06,12:50,12:58,0:08,,,50,,,,,,,
11/19/2014,DESERT,RR,BH,netgun:QS,BH189,Y186,,,,67,M,3,II,107.5,,,107.5,,3,0,1,1,1,,,,14:05,14:11,0:06,14:05,14:12,0:07,,"NO COLLAR; 2 ML FLUMIXON MAGLAMINE, BANAMINE",52,,,,,,,
11/19/2014,DESERT,RR,BH,netgun:QS,BH190,Y195,,,,62,M,3,II,107.3,,,107.3,,3,0,1,1,1,,,,14:34,14:41,0:07,14:33,14:42,0:09,,2 ML BANAMINE,52,,,,,,,
11/19/2014,DESERT,RR,BH,netgun:QS,BH191,B6,,,,94,M,7,IV,103.9,,,103.9,,3,0,1,1,1,,,,10:22,10:28,0:06,10:21,10:29,0:08,,,42,,,,,,,
11/19/2014,DESERT,RR,BH,netgun:QS,BH192,B7,,,,79,M,5,III,103.9,,,103.9,,3,0,1,1,1,,,,10:35,10:41,0:06,10:34,10:42,0:08,,,42,,,,,,,
11/19/2014,DESERT,RR,BH,netgun:QS,BH193,O30,,,,79,M,7,IV,102.6,,,102.6,,3,0,1,1,1,,,,11:19,11:27,0:08,11:19,11:28,0:09,,,42,,,,,,,
11/19/2014,DESERT,RR,BH,netgun:QS,BH194,G44,,,,85,M,4,III,105,,,105,,3,0,1,1,1,,,,9:39,9:44,0:05,9:38,9:45,0:07,,,40,,,,,,,
11/19/2014,DESERT,RR,BH,netgun:QS,BH195,Y49,,,,76,M,6,,103,,,103,,3,0,1,1,1,,,,16:04,16:10,0:06,16:03,16:10,0:07,,NO COLLAR; .4 HALOPERIDOL,65,,,,,,,
11/19/2014,DESERT,RR,BH,netgun:QS,BH196,P14,,,,55,M,1,I,106.5,107.2,,107.2,0.7,3,0,1,1,1,,,,12:05,12:18,0:13,12:04,12:18,0:14,,NO COLLAR; COLDWATER ENEMA; 750 ML NACL IV;150 MG FLUMEGLUMINE AND 1.5 ML BANAMINE IM (1447),49,,,,,,,
11/19/2014,DESERT,RR,BH,netgun:QS,BH197,B9,,,,75,M,3,II,102.8,,,102.8,,3,0,1,1,1,,,,12:51,12:56,0:05,12:50,12:58,0:08,,,50,,,,,,,
11/19/2014,DESERT,RR,BH,netgun:QS,BH198,G10,,,,53,M,1,I,105,105.1,,105.1,0.1,3,0,1,1,1,,,,14:06,14:11,0:05,14:05,14:11,0:06,,"NO COLLAR; LEFT EYE OLD INJURY, L EYE CORNEAL OPACITY LATERAL",51,,,,,,,
11/19/2014,DESERT,RR,BH,netgun:QS,BH199,B4,,,,94,M,8,IV,104.5,103.7,,104.5,,3,0,1,1,1,,,,14:35,14:41,0:06,14:34,14:42,0:08,,,51,,,,,,,
11/19/2014,DESERT,RR,BH,netgun:QS,BH200,B21,,,,61,M,1,I,105.4,104.8,,105.4,-0.6,3,0,1,1,1,,,,15:32,15:36,0:04,15:30,15:36,0:06,,NO COLLAR; .35 HALOPERIDOL,52,,,,,,,
11/19/2014,DESERT,RR,BH,netgun:QS,BH202,Y47,,,,62,M,2,I,101.4,,,101.4,,3,0,1,1,1,,,,11:20,11:25,0:05,11:20,11:26,0:06,,"NO COLLAR; 4.5 MINUTE CHASE, RAN OFF WITH NET",,,,,,,,
11/18/2014,DESERT,FC,BH,netgun:QS,BH167,Y194,,,,66,M,2,II,102.8,,,102.8,,3,0,1,1,1,,,,9:56,10:03,0:07,,10:08,10:08,,,,,,,,,,
11/18/2014,DESERT,FC,BH,netgun:QS,BH168,G3,,,,87,M,4,II,102.3,,,102.3,,3,0,1,1,1,,,,7:56,8:00,0:04,7:55,8:01,0:06,,,,,,,,,,
11/18/2014,DESERT,FC,BH,netgun:QS,BH169,Y193,,,,78,M,4,II,102.9,,,102.9,,3,0,1,1,1,,,,9:16,9:21,0:05,,9:22,,,,,,,,,,,
11/18/2014,DESERT,FC,BH,netgun:QS,BH170,Y180,,,,71,M,3,II,101,,,101,,3,0,1,1,1,,,,7:57,8:01,0:04,,,,,,,,,,,,,
11/18/2014,DESERT,FC,BH,netgun:QS,BH171,W12,,,,83,M,3,II,104.4,,,104.4,,3,0,1,1,1,,,,9:00,9:09,0:09,8:59,9:09,0:10,,,,,,,,,,
11/18/2014,DESERT,FC,BH,netgun:QS,BH172,Y196,,,,61,M,3,II,102.5,102.9,,102.9,0.4,3,0,1,1,1,,,,9:00,9:15,0:15,8:59,9:18,0:19,,CUT ON FRONT LEFT LEG,30,,,,,,,
11/18/2014,DESERT,FC,BH,netgun:QS,BH173,Y178,,,,76,M,3,II,104.8,105,,105,0.2,3,0,1,1,1,,,,9:56,10:06,0:10,9:55,10:06,0:11,,,35,,,,,,,
11/18/2014,DESERT,FC,BH,netgun:QS,BH174,Y176,,,,77,M,3,II,102.2,,,102.2,,3,0,1,1,1,,,,10:46,10:52,0:06,10:45,10:52,0:07,,,39,,,,,,,
11/18/2014,DESERT,FC,BH,netgun:QS,BH201,O35,,,,73,M,3,II,105,105,,105,0,3,0,1,1,1,,,,10:06,10:08,0:02,9:56,10:09,0:13,,,,,,,,,,
11/17/2014,DESERT,FC,BH,netgun:QS,BH136,Y189,,,,50,F,1.5,,101.9,,,101.9,,3,0,1,1,1,,,,8:19,8:24,0:05,8:17,8:25,0:08,,,,,,,,,,
11/17/2014,DESERT,FC,BH,netgun:QS,BH137,Y191,,,,75,F,6+,,101,,,101,,3,0,1,1,1,,,,9:02,9:08,0:06,9:00,9:09,0:09,,,,,,,,,,
11/17/2014,DESERT,FC,BH,netgun:QS,BH138,Y200,,,,51,F,2,,105.4,105.1,,105.4,-0.3,3,0,1,1,1,,,,9:56,10:01,0:05,9:53,10:02,0:09,,,,,,,,,,
11/17/2014,DESERT,FC,BH,netgun:QS,BH139,W346,,,,62,F,4+,,103.8,,,103.8,,3,0,1,1,1,,,,7:47,7:54,0:07,7:46,7:54,0:08,,Busted Left Horn,,,,,,,,
11/17/2014,DESERT,FC,BH,netgun:QS,BH140,Y187,,,,66,M,2.5,II,101.6,101.7,,101.7,0.1,3,0,1,1,1,,,,8:18,8:30,0:12,8:17,8:30,0:13,,,,,,,,,,
11/17/2014,DESERT,FC,BH,netgun:QS,BH141,G19,,,,57,F,7,,101.9,,,101.9,,3,0,1,1,1,,,,9:03,9:06,0:03,9:01,9:06,0:05,,,,,,,,,,
11/17/2014,DESERT,FC,BH,netgun:QS,BH142,R314,,,,78,M,4,II,102.9,102.8,,102.9,-0.1,3,0,1,1,1,,,,10:37,10:42,0:05,10:34,10:43,0:09,,3 PERMANENT INCISORS,,,,,,,,
11/17/2014,DESERT,FC,BH,netgun:QS,BH143,Y199,,,,57,F,3,,102.5,,,102.5,,3,0,1,1,1,,,,9:58,10:03,0:05,9:54,10:03,0:09,,,,,,,,,,
11/17/2014,DESERT,FC,BH,netgun:QS,BH144,Y198,,,,67,F,4+,,103.2,103.3,,103.3,0.1,3,0,1,1,1,,,,10:35,10:40,0:05,10:34,10:40,0:06,,,,,,,,,,
11/17/2014,DESERT,FC,BH,netgun:QS,BH145,O240,,,,56,F,3,,102.7,,,102.7,,3,0,1,1,1,,,,11:06,11:13,0:07,11:05,11:13,0:08,,,,,,,,,,
11/17/2014,DESERT,FC,BH,netgun:QS,BH146,Y182,,,,51,F,2,,104.2,,,104.2,,3,0,1,1,1,,,,11:51,11:55,0:04,11:50,11:55,0:05,,,,,,,,,,
11/17/2014,DESERT,FC,BH,netgun:QS,BH147,R313,,,,59,F,2,,102.5,,,102.5,,3,0,1,1,1,,,,11:53,11:56,0:03,11:50,11:57,0:07,,,,,,,,,,
11/17/2014,DESERT,FC,BH,netgun:QS,BH148,Y179,,,,57,F,2+,,102.4,,,102.4,,3,0,1,1,1,,,,12:00,12:03,0:03,11:58,12:04,0:06,,,,,,,,,,
11/17/2014,DESERT,FC,BH,netgun:QS,BH149,R316,,,,48,F,2,,103.8,,,103.8,,3,0,1,1,1,,,,15:30,15:33,0:03,15:28,15:34,0:06,,.2ML HALIDOL,43,,,,,,,
11/17/2014,DESERT,FC,BH,netgun:QS,BH150,W344,,,,51,F,2,,104.3,,,104.3,,3,0,1,1,1,,,,15:30,15:33,0:03,15:29,15:33,0:04,,.1 ML HALOPERIDOL,,,,,,,,
11/17/2014,DESERT,FC,BH,netgun:QS,BH151,W348,,,,57,F,4,,103.1,,,103.1,,3,0,1,1,1,,,,16:06,16:12,0:06,16:03,16:12,0:09,,.35 ML HALOPERIDOL,,,,,,,,
11/17/2014,DESERT,FC,BH,netgun:QS,BH152,Y136,,,,77,M,4,II,104,,,104,,3,0,1,1,1,,,,17:03,17:10,0:07,17:02,17:10,0:08,,.35 Haloperidol,,,,,,,,
11/17/2014,DESERT,FC,BH,netgun:QS,BH153,R114,,,,69,F,6+,,101.9,,,101.9,,3,0,1,1,1,,,,16:05,16:07,0:02,16:03,16:08,0:05,,LEFT HORN BROKEN OFF-OLD; .3 ML HALO,,,,,,,,
11/17/2014,DESERT,FC,BH,netgun:QS,BH154,Y185,,,,69,M,2,II,103.4,,,103.4,,3,0,1,1,1,,,,16:08,16:13,0:05,16:03,16:14,0:11,,.35 HALOPERIDOL,38,,,,,,,
11/17/2014,DESERT,FC,BH,netgun:QS,BH155,Y90,,,,81,M,4,II,104.2,,,104.2,,3,0,1,1,1,,,,17:03,17:08,0:05,17:01,17:08,0:07,,.35 HALOPDOLE,33,,,,,,,
11/17/2014,DESERT,FC,BH,netgun:QS,BH156,Y192,,,,41,M,L,,103.7,,,103.7,,3,0,1,1,1,,,,14:41,14:43,0:02,14:38,14:43,0:05,,.1 HALOPERIDOL; NO COLLAR,,,,,,,,
11/17/2014,DESERT,FC,BH,netgun:QS,BH157,W339,,,,43,M,L,,103.5,,,103.5,,3,0,1,1,1,,,,14:39,14:41,0:02,14:38,14:41,0:03,,.1 HALOPERIDOL; NO COLLAR,45,,,,,,,
11/17/2014,DESERT,FC,BH,netgun:QS,BH158,Y190,,,,33,F,L,,105.4,,,105.4,,3,0,1,1,1,,,,13:57,14:00,0:03,13:55,14:00,0:05,,.1 HALOPERIDOL; NO COLLAR,50,,,,,,,
11/17/2014,DESERT,FC,BH,netgun:QS,BH159,Y197,,,,45,M,L,,105.3,,,105.3,,3,0,1,1,1,,,,13:56,13:58,0:02,13:54,13:59,0:05,,.1 HALOPERIDOL; NO COLLAR,,,,,,,,
11/17/2014,DESERT,FC,BH,netgun:QS,BH160,Y147,,,,35,F,L,,104,105,,105,1,3,0,1,1,1,,,,12:56,12:58,0:02,12:49,12:58,0:09,,.1 HALOPERIDOL IM; NO COLLAR,47,,,,,,,
11/17/2014,DESERT,FC,BH,netgun:QS,BH161,W337,,,,46,M,1,,104.4,,,104.4,,3,0,1,1,1,,,,12:52,12:55,0:03,12:49,12:55,0:06,,NO COLLAR,48,,,,,,,
11/17/2014,DESERT,FC,BH,netgun:QS,BH162,O231,,,,47,M,L,,105.1,105.3,,105.3,0.2,3,0,1,1,1,,,,12:50,12:56,0:06,12:49,12:56,0:07,,.2HALOPERIDOL; JANUARY LAMB; NO COLLAR,47,,,,,,,
11/17/2014,DESERT,FC,BH,netgun:QS,BH163,W347,,,,33,F,L,,103.2,103.4,,103.4,0.2,3,0,1,1,1,,,,11:59,12:02,0:03,11:58,12:02,0:04,,.2HALOPERIDOL; NO COLLAR,,,,,,,,
11/17/2014,DESERT,FC,BH,netgun:QS,BH164,Y188,,,,37,M,L,,104.2,,,104.2,,3,0,1,1,1,,,,11:09,11:11,0:02,11:05,11:12,0:07,,NO COLLAR,45,,,,,,,
11/17/2014,DESERT,FC,BH,netgun:QS,BH165,W349,,,,41,F,1,,105.4,,,105.4,,3,0,1,1,1,,,,9:55,9:59,0:04,9:54,9:59,0:05,,NO COLLAR,38,,,,,,,
11/17/2014,DESERT,FC,BH,netgun:QS,BH166,O239,,,,37,F,L,,105.3,105.1,,105.3,-0.2,3,0,1,1,1,,,,14:34,14:38,0:04,14:32,14:38,0:06,,.1 ML HALOPERIDOL; NO COLLAR,50,,,,,,,
8/13/2014,Rocky,WH,JZ,dropnet,JZ10,G234,,,,74,F,4,,102.5,,,102.5,,3,0,1,1,1,,,,,,,,,,,BLUE TOP,,,,,,,,
8/13/2014,Rocky,WH,JZ,DA,JZ20,W329,,,,116,M,8,,,,,,,0,0,0,0,0,,,,,,,,,,,,,,,,,,,
8/13/2014,Rocky,WH,JZ,dropnet,JZ21,O50,,,,61,F,4,,102.9,,,102.9,,3,,1,1,,,,,,,,,,,,,,,,,,,,
8/13/2014,Rocky,WH,JZ,dropnet,JZ22,B9,,,,55,F,2,,103.6,,,103.6,,3,0,1,1,1,,,,,,,,,,,,,,,,,,,
8/13/2014,Rocky,WH,JZ,dropnet,JZ23,B27,,,,61,F,3,,,,,,,3,0,1,1,1,,,,,,,,,,,,,,,,,,,
8/13/2014,Rocky,WH,JZ,dropnet,JZ24,B43,,,,53,F,2,,103.6,,,103.6,,3,0,1,1,1,,,,,,,,,,,,,,,,,,,
8/13/2014,Rocky,WH,JZ,dropnet,JZ25,G247,,,,62,F,4,,102.3,,,102.3,,3,0,1,1,1,,,,,,,,,,,,,,,,,,,
8/13/2014,Rocky,WH,JZ,dropnet,JZ26,P70,,,,66,F,4+,,103.6,,,103.6,,3,0,1,1,1,,,,,,,,,,,,,,,,,,,
8/13/2014,Rocky,WH,JZ,dropnet,JZ27,B29,,,,75,F,4,,102.7,,,102.7,,3,0,1,1,0,,,,,,,,,,,,,,,,,,,
8/13/2014,Rocky,WH,JZ,dropnet,JZ28,G9,,,,80,F,4+,,103.3,,,103.3,,3,0,1,1,1,,,,,,,,,,,,,,,,,,,
8/13/2014,Rocky,WH,JZ,dropnet,JZ29,W333,,,,67,F,2,,106.4,,,106.4,,3,0,1,1,1,,,,,,,,,,,ENEMA AND BANAMINE,,,,,,,,
8/13/2014,Rocky,WH,JZ,dropnet,JZ30,G240,,,,63,F,adult,,101.4,,,101.4,,3,0,1,1,1,,,,,,,,,,,,,,,,,,,
8/13/2014,Rocky,WH,JZ,dropnet,JZ31,G21,,,,38,M,1,,103.3,,,103.3,,3,0,0,0,0,,,,,,,,,,,NO COLLAR,,,,,,,,
8/13/2014,Rocky,WH,JZ,dropnet,JZ32,B30,,,,52,M,1,,104,,,104,,3,0,1,1,1,,,,,,,,,,,NO COLLAR,,,,,,,,
8/13/2014,Rocky,WH,JZ,dropnet,JZ33,G233,,,,48,F,1,,101.5,,,101.5,,3,0,1,1,1,,,,,,,,,,,NO COLLAR,,,,,,,,
8/13/2014,Rocky,WH,JZ,dropnet,JZ34,B44,,,,44,F,1,,,,,,,3,0,1,1,1,,,,,,,,,,,NO COLLAR,,,,,,,,
8/13/2014,Rocky,WH,JZ,dropnet,JZ35,Y89,,,,46,F,1,,102.9,,,102.9,,3,0,1,1,1,,,,,,,,,,,NO COLLAR; KNOCKED HORN OFF IN NET,,,,,,,,
8/13/2014,Rocky,WH,JZ,dropnet,JZ36,P77,,,,26.5,F,L,,104.6,,,104.6,,3,0,0,0,0,,,,,,,,,,,NO COLLAR,,,,,,,,
8/13/2014,Rocky,WH,JZ,dropnet,JZ38,P80,,,,20,M,L,,103.4,,,103.4,,3,0,0,0,0,,,,,,,,,,,NO COLLAR,,,,,,,,
8/13/2014,Rocky,WH,JZ,dropnet,JZ39,P81,,,,16,F,L,,104.6,,,104.6,,3,0,0,0,0,,,,,,,,,,,NO COLLAR,,,,,,,,
8/12/2014,Rocky,WH,JZ,dropnet,JZ1,B45,,,,67,F,Adult,,103.9,,,103.9,,3,0,1,1,1,,,,,,,,,,,BLUE TOP,,,,,,,,
8/12/2014,Rocky,WH,JZ,DA,JZ19,Y93,,,,116,M,10,,,,,,,0,0,0,0,0,,,,,,,,,,,,,,,,,,,
8/12/2014,Rocky,WH,JZ,dropnet,JZ2,G230,,,,56,F,Adult,,102.3,,,102.3,,3,0,1,1,1,,,,,,,,,,,BLUE TOP,,,,,,,,
8/12/2014,Rocky,WH,JZ,dropnet,JZ3,G40,,,,63,F,3,,,,,,,3,0,1,1,1,,,,,,,,,,,BLUE TOP,,,,,,,,
8/12/2014,Rocky,WH,JZ,dropnet,JZ4,O52,,,,72,F,Adult,,102,,,102,,3,0,1,1,1,,,,,,,,,,,BLUE TOP,,,,,,,,
8/12/2014,Rocky,WH,JZ,dropnet,JZ40,P82,,,,23,M,L,,104.7,,,104.7,,3,0,0,0,0,,,,,,,,,,,NO COLLAR,,,,,,,,
8/12/2014,Rocky,WH,JZ,dropnet,JZ41,P83,,,,20,M,L,,105,,,105,,3,0,0,0,0,,,,,,,,,,,NO COLLAR,,,,,,,,
8/12/2014,Rocky,WH,JZ,dropnet,JZ42,P86,,,,23,M,L,,104.2,,,104.2,,3,0,0,0,0,,,,,,,,,,,NO COLLAR,,,,,,,,
8/12/2014,Rocky,WH,JZ,dropnet,JZ43,P99,,,,22,F,L,,104.2,,,104.2,,3,0,0,0,0,,,,,,,,,,,NO COLLAR,,,,,,,,
8/12/2014,Rocky,WH,JZ,dropnet,JZ44,P100,,,,26,M,L,,104.6,,,104.6,,3,0,0,0,0,,,,,,,,,,,NO COLLAR,,,,,,,,
8/12/2014,Rocky,WH,JZ,dropnet,JZ5,B48,,,,71,F,Adult,,103.6,,,103.6,,3,0,1,1,1,,,,,,,,,,,BLUE TOP,,,,,,,,
8/12/2014,Rocky,WH,JZ,dropnet,JZ6,G50,,,,67,F,4,,,,,,,3,0,1,1,1,,,,,,,,,,,BLUE TOP,,,,,,,,
8/12/2014,Rocky,WH,JZ,dropnet,JZ7,G245,,,,63,F,4,,102.9,,,102.9,,3,0,1,1,1,,,,,,,,,,,BLUE TOP,,,,,,,,
8/12/2014,Rocky,WH,JZ,dropnet,JZ8,G31,,,,61,F,3,,102.7,104.5,,104.5,1.8,3,0,1,1,1,,,,,,,,,,,BLUE TOP,,,,,,,,
8/11/2014,Rocky,WH,JZ,dropnet,JZ11,B42,,,,54,F,,,102.5,102,,102.5,-0.5,3,0,1,1,1,,,,,,,,,,,BLUE TOP,,,,,,,,
8/11/2014,Rocky,WH,JZ,dropnet,JZ12,Y95,,,,54,F,adult,,103.6,,,103.6,,3,0,1,1,1,,,,,,,,,,,BLUE TOP,,,,,,,,
8/11/2014,Rocky,WH,JZ,dropnet,JZ13,O51,,,,69,F,4+,,102,,,102,,3,0,1,1,1,,,,,,,,,,,,,,,,,,,
8/11/2014,Rocky,WH,JZ,dropnet,JZ14,G250,,,,78,F,4+,,103.4,104.4,,104.4,1,3,0,1,1,1,,,,,,,,,,,,,,,,,,,
8/11/2014,Rocky,WH,JZ,dropnet,JZ15,B28,,,,65,F,,,103.3,103.6,,103.6,0.3,3,0,1,1,1,,,,,,,,,,,,,,,,,,,
8/11/2014,Rocky,WH,JZ,dropnet,JZ16,O71,,,,63,F,3,,104,103.7,,104,-0.3,3,0,1,1,1,,,,,,,,,,,,,,,,,,,
8/11/2014,Rocky,WH,JZ,dropnet,JZ17,B26,,,,65,F,3,,104,,,104,,3,0,1,1,1,,,,,,,,,,,,,,,,,,,
8/11/2014,Rocky,WH,JZ,dropnet,JZ18,G248,,,,71,F,3,,,,,,,3,0,1,1,1,,,,,,,,,,,,,,,,,,,
8/11/2014,Rocky,WH,JZ,dropnet,JZ37,P79,,,,23,M,L,,103.8,104,,104,0.2,3,0,0,0,0,,,,,,,,,,,NO COLLAR,,,,,,,,
8/11/2014,Rocky,WH,JZ,dropnet,JZ45,P96,,,,22,?,L,,,,,,,,,,,,,,,,,,,,,,NO COLLAR,,,,,,,,
8/11/2014,Rocky,WH,JZ,dropnet,JZ9,W341,,,,65,F,3,,,,,,,3,0,1,1,1,,,,,,,,,,,BLUE TOP,,,,,,,,
12/17/2012,DESERT,na,PE,netgun:AW,PE143,R9,,,,60,F,6+,,101.3,,,101.3,,,0,1,1,1,0,0,0,10:39,10:51,0:12,,,,,COLLAR NOT TURNED ON,,,,,,,,
12/17/2012,DESERT,NA,PE,netgun:AW,PE159,B86,,,,59,F,6+,,103.4,,,,,,0,1,1,1,0,0,1,8:16,8:24,0:08,,,,,,,,,,,,,
12/17/2012,DESERT,NA,PE,netgun:AW,PE165,O5,,,,65,F,6+,,102.1,,,102.1,,,0,1,1,1,0,0,1,7:52,8:01,0:09,,,,,,,,,,,,,
12/17/2012,DESERT,NA,PE,netgun:AW,,,,,,,F,11+,,,,,,,,,,,,,,0,,,,,,,,BROKEN LEG. EUTHANIZED.,,,,,,,,
12/16/2012,DESERT,NA,PE,netgun:AW,PE118,R,,,,62,F,6+,,102.4,100,,102.4,-2.4,3,0,1,1,1,0,0,1,,,,,,,,HARD TIME REMOVING NET FROM ANIMAL,,,,,,,,
12/16/2012,DESERT,NA,PE,netgun:AW,PE145,B14,,,,74,F,6+,,105.7,104.1,,105.7,-1.6,,0,1,1,1,0,0,1,14:50,14:57,0:07,,,,,,,,,,,,,
12/16/2012,DESERT,NA,PE,netgun:AW,PE146,B77,,,,59,F,4+,,100.3,,,100.3,,,0,1,1,1,0,0,1,14:08,14:23,0:15,,,,,,,,,,,,,
12/16/2012,DESERT,NA,PE,netgun:AW,PE147,R32,,,,65,F,4+,,102.2,,,102.2,,3,0,1,1,1,0,0,1,,,,,,,,,,,,,,,,
12/16/2012,DESERT,NA,PE,netgun:AW,PE148,B89,,,,64,F,4+,,102.6,,,102.6,,,0,1,1,1,0,0,1,13:06,13:15,0:09,,,,,,,,,,,,,
12/16/2012,DESERT,NA,PE,netgun:AW,PE149,B90,,,,66,F,4+,,105.2,101.1,,105.2,-4.1,3,0,1,1,1,0,0,1,13:39,13:56,0:17,,,,,,,,,,,,,
12/16/2012,DESERT,NA,PE,netgun:AW,PE160,B95,,,,54,F,3.5,,105.2,105.1,,105.2,-0.1,,0,1,1,1,0,0,1,8:38,8:48,0:10,,,,,,,,,,,,,
12/16/2012,DESERT,NA,PE,netgun:AW,PE171,G8,,,,76,F,3,,104.4,,,104.4,,3,0,1,1,1,0,0,1,3:55,4:13,0:18,,,,,,,,,,,,,
12/16/2012,DESERT,NA,PE,netgun:AW,PE172,B93,,,,76,F,4+,,104.9,104.2,104.3,104.9,-0.6,3,0,1,1,1,0,0,1,15:54,16:10,0:16,,,,,,,,,,,,,
12/15/2012,DESERT,NA,PE,netgun:AW,PE144,R27,,,,69,F,4+,,103,100.7,,103,-2.3,,0,1,1,1,0,0,1,,8:24,,,,,,,,,,,,,,
12/15/2012,DESERT,NA,PE,netgun:AW,PE150,B88,,,,61,F,4+,,102.2,,,102.2,,3,0,1,1,1,0,0,1,,,,,,,,,,,,,,,,
12/15/2012,DESERT,NA,PE,netgun:AW,PE152,R10,,,,70,F,4+,,104.4,104,,104.4,-0.4,3,0,1,1,1,0,0,1,,,,,,,,,,,,,,,,
12/15/2012,DESERT,NA,PE,netgun:AW,PE163,P7,,,,61,F,4+,,105.7,105.5,103.4,105.7,-2.3,,0,1,1,1,0,0,1,,,,,,,,,,,,,,,,
12/15/2012,DESERT,NA,PE,netgun:AW,PE166,R6,,,,67,F,4+,,103.3,,,103.3,,,0,1,1,1,0,0,1,,,,,,,,,,,,,,,,
12/15/2012,DESERT,NA,PE,netgun:AW,PE167,R25,,,,57,F,3,,104,,,104,,,0,1,1,1,0,0,1,,,,,,,,,,,,,,,,
12/15/2012,DESERT,NA,PE,netgun:AW,PE168,W6,,,,68,F,2,,101.1,,,101.1,,3,0,1,1,1,0,0,1,,,,,,,,,,,,,,,,
12/15/2012,DESERT,NA,PE,netgun:AW,PE169,Y48,,,,65,F,4+,,101.4,,,101.4,,3,0,1,1,1,0,0,1,,,,,,,,,,,,,,,,
12/15/2012,DESERT,NA,PE,netgun:AW,PE170,B41,,,,71,F,4+,,101.4,96,99.9,101.4,-5.4,3,0,1,1,1,0,0,1,,,,,,,,Alreadly lambed. Placental membrane exposed uterus visualized w ultrasound. COLD!,,,,,,,,
12/14/2012,DESERT,RR,LA,netgun:AW,LA70,W5,,,,,M,6,III,104.2,104.6,,104.6,0.4,3,0,1,1,1,0,0,0,,,,,,,,,,,,,,,,
12/14/2012,DESERT,RR,LA,netgun:AW,LA71,B37,,,,98,M,5,III,102.9,,,102.9,,3,0,1,1,1,0,0,0,,,,,,,,,,,,,,,,
12/14/2012,DESERT,RR,LA,netgun:AW,LA72,G1,,,,85.5,M,5,III,104.2,103,,104.2,1.2,3,0,1,1,1,0,0,0,,,,,,,,,,,,,,,,
12/14/2012,DESERT,RR,LA,netgun:AW,LA73,Y26,,,,66,M,2.5,II,102.7,,,102.7,,3,0,1,1,1,0,0,0,,,,,,,,,,,,,,,,
12/14/2012,DESERT,RR,LA,netgun:AW,LA74,O43,,,,56,M,2,II,105.2,105.4,105.1,105.4,-0.3,3,0,1,1,1,0,0,0,,,,,,,,COOLED W H2O,,,,,,,,
12/14/2012,DESERT,RR,LA,netgun:AW,LA75,W7,,,,108,M,10,IV,104.3,104.2,,104.3,0.1,3,0,1,1,1,0,0,0,,,,,,,,"BLOOD ON NOSTRIL; DID NOT GET UP IN TRAILER, 10CC BANAMINE IM IN TRAILER; 12 CC SOLUDELTA CORT IV AND GOT UP",,,,,,,,
8/11/2012,Rocky,WH,MZ,dropnet,MZ36,O16,Y,,,,F,2,,102.8,,,102.8,,3,0,1,1,1,0,0,NA,,,,,,,,LACTATING,,,,,,,,
8/11/2012,Rocky,WH,MZ,dropnet,MZ37,B18,Y,,,125LB,F,2,,103.4,103,104.4,104.4,1,3,0,1,1,1,0,0,NA,,,,,,,,,,,,,,,,
8/11/2012,Rocky,WH,MZ,dropnet,MZ38,O41,Y,,,156LB,F,ADULT,,104,,,104,,3,0,1,1,1,0,0,NA,,,,,,,,HAS UDDER. NOT LACTATING MAY HAVE LOST LAMB,,,,,,,,
8/11/2012,Rocky,WH,MZ,dropnet,MZ39,G5,Y,,,,F,1,,,,,,,3,0,1,1,1,0,0,NA,,,,,,,,,,,,,,,,
8/11/2012,Rocky,WH,MZ,dropnet,MZ40,B17,Y,,,,F,4+,,103.1,,,103.1,,3,0,1,1,1,0,0,NA,,,,,,,,LACTATING,,,,,,,,
8/11/2012,Rocky,WH,MZ,dropnet,MZ41,G4,Y,,,165LB,F,4+,,,,,,,3,0,1,1,1,0,0,NA,,,,,,,,,,,,,,,,
8/11/2012,Rocky,WH,MZ,dropnet,MZ42,W3,Y,,,,F,2,,103.7,103.8,,103.8,,3,0,1,1,1,0,0,NA,,,,,,,,,,,,,,,,
8/11/2012,Rocky,WH,MZ,dropnet,MZ43,B15,Y,,,161LB,F,4+,,105.1,104.8,,105.1,,3,0,1,1,1,0,0,NA,,,,,,,,HOT,,,,,,,,
8/11/2012,Rocky,WH,MZ,dropnet,MZ44,O18,Y,,,95LB,M,1,,105.1,,,105.1,,3,0,1,1,1,0,0,NA,,,,,,,,,,,,,,,,
8/11/2012,Rocky,WH,MZ,dropnet,MZ45,O21,Y,,,145LB,F,4+,,102.6,103.6,,103.6,,3,0,1,1,1,0,0,NA,,,,,,,,NOT LACTATING,,,,,,,,
8/11/2012,Rocky,WH,MZ,dropnet,MZ46,W3,Y,,,156LB,F,3,,102.6,,,102.6,,3,0,1,1,1,0,0,NA,,,,,,,,,,,,,,,,
8/11/2012,Rocky,WH,MZ,dropnet,MZ47,O26,Y,,,143LB,F,6+,,103.8,104.1,104.3,104.3,,3,0,1,1,1,0,0,NA,,,,,,,,LACTATING,,,,,,,,
8/11/2012,Rocky,WH,MZ,dropnet,MZ48,W2,Y,,,121LB,F,ADULT,,102.6,103.2,,103.2,,3,0,1,1,1,0,0,NA,,,,,,,,,,,,,,,,
8/11/2012,Rocky,WH,MZ,dropnet,MZ49,W9,Y,,,147LB,F,4+,,103,102.5,,103,,3,0,1,1,1,0,0,NA,,,,,,,,,,,,,,,,
8/11/2012,Rocky,WH,MZ,dropnet,MZ50,Y41,Y,,,130LB,F,3,,104.1,104.3,,104.3,,3,0,1,1,1,0,0,NA,,,,,,,,LACTATING,,,,,,,,
8/11/2012,Rocky,WH,MZ,dropnet,MZ51,Y5,,,,10LB,M,LAMB,,103.5,,,103.5,,3,0,0,0,0,0,0,NA,,,,,,,,,,,,,,,,
8/11/2012,Rocky,WH,MZ,dropnet,MZ52,B3,,,,23LB,M,LAMB,,105,,,105,,3,0,0,0,0,0,0,NA,,,,,,,,,,,,,,,,
8/11/2012,Rocky,WH,MZ,dropnet,MZ53,B12,,,,21LB,M,LAMB,,104.4,,,104.4,,3,0,0,0,0,0,0,NA,,,,,,,,,,,,,,,,
8/11/2012,Rocky,WH,MZ,dropnet,MZ54,B23,,,,14LB,F,LAMB,,104.8,,,104.8,,3,0,0,0,0,0,0,NA,,,,,,,,,,,,,,,,
8/11/2012,Rocky,WH,MZ,dropnet,MZ55,Y10,Y,,,31LB,M,LAMB,,104.7,,,104.7,,3,0,0,0,0,0,0,NA,,,,,,,,,,,,,,,,
8/11/2012,Rocky,WH,MZ,dropnet,MZ56,Y8,Y,,,16LB,F,LAMB,,,,,,,3,0,0,0,0,0,0,NA,,,,,,,,,,,,,,,,
8/11/2012,Rocky,WH,MZ,dropnet,MZ57,W8,Y,,,161LB,F,4+,,103.1,,,103.1,,3,0,1,1,1,0,0,NA,,,,,,,,,,,,,,,,
8/11/2012,Rocky,WH,MZ,dropnet,MZ58,B78,Y,,,169LB,F,6+,,,,,,,3,0,1,1,1,0,0,NA,,,,,,,,,,,,,,,,
8/11/2012,Rocky,WH,MZ,dropnet,MZ59,P50,Y,,,178LB,F,4+,,103.8,,,103.8,,3,0,1,1,1,0,0,NA,,,,,,,,,,,,,,,,
8/11/2012,Rocky,WH,MZ,dropnet,MZ60,B24,Y,,,16LB,M,LAMB,,,,,,,3,0,1,1,1,0,0,NA,,,,,,,,,,,,,,,,
8/11/2012,Rocky,WH,MZ,dropnet,MZ61,P6,Y,,,143LB,F,3,,103.9,,,103.9,,3,0,1,1,1,0,0,NA,,,,,,,,,,,,,,,,
8/11/2012,Rocky,WH,MZ,dropnet,MZ62,Y11,Y,,,112LB,M,2,I,103,104.5,,104.5,1.5,3,0,1,1,1,0,0,NA,,,,,,,,,,,,,,,,
8/11/2012,Rocky,WH,MZ,dropnet,MZ63,B17,Y,,,23LB,M,LAMB,,,,,,,3,0,0,0,0,0,0,NA,,,,,,,,,,,,,,,,
8/11/2012,Rocky,WH,MZ,dropnet,MZ64,Y6,Y,,,21LB,F,LAMB,,103.7,,,103.7,,3,0,0,0,0,0,0,NA,,,,,,,,,,,,,,,,
8/11/2012,Rocky,WH,MZ,dropnet,MZ65,O24,Y,,,152LB,F,4+,,101.6,,,101.6,,3,0,0,0,0,0,0,NA,,,,,,,,MURIAL THE URIAL,,,,,,,,
8/11/2012,Rocky,WH,MZ,dropnet,MZ66,B7,Y,,,14LB,M,LAMB,,104.4,,,104.4,,3,0,1,1,1,0,0,NA,,,,,,,,"THIS CAPTURE INVOLVED ALL SORTS OF HEALTH SAMPLING:EAR SWABS, TICKS, FECES",,,,,,,,
11/4/2011,DESERT,NA,LA,netgun:QS,LA65,O22,,,,,F,5+,,,,,,,3,0,0,0,0,0,0,0,,,,,,,,,,,,,,,,
11/4/2011,DESERT,NA,LA,netgun:QS,LA66,Y15,,,,,F,,,,,,,,3,0,0,0,0,0,0,0,,,,,,,,,,,,,,,,
11/4/2011,DESERT,NA,LA,netgun:QS,LA67,R42,,,,,M,,III,,,,,,3,0,0,0,0,0,0,0,,,,,,,,,,,,,,,,
11/4/2011,DESERT,NA,LA,netgun:QS,LA68,R45,,,,,F,5+,,,,,,,3,0,0,0,0,0,0,0,,,,,,,,,,,,,,,,
11/4/2011,DESERT,NA,LA,netgun:QS,LA69,P10,,,,,F,,,,,,,,3,0,0,0,0,0,0,0,,,,,,,,,,,,,,,,
11/2/2011,DESERT,RR,PE,netgun:QS,PE153,Y16,,,,50,M,2,II,104.3,103.9,,104.3,-0.4,3,0,1,1,1,0,0,0,8:05,8:13,0:08,,,,,,,,,,,,,
11/2/2011,DESERT,RR,PE,netgun:QS,PE154,P34,,,,76,M,4,III,108.5,108.4,,108.5,-0.1,3,0,1,1,1,0,0,0,8:45,8:57,0:12,,,,,Cold water enema,,,,,,,,
11/2/2011,DESERT,RR,PE,netgun:QS,PE155,R04,,,,69,M,3,II,108.4,,,108.4,,3,0,1,1,1,0,0,0,10:50,11:00,0:10,,,,,Cold water enema,,,,,,,,
11/2/2011,DESERT,RR,PE,netgun:QS,PE156,B19,,,,54,M,2,II,104.9,105,104.9,105,-0.1,3,0,1,1,1,0,0,0,11:55,12:03,0:08,,,,,,,,,,,,,
11/2/2011,DESERT,RR,PE,netgun:QS,PE157,P46,,,,84,M,9,IV,106,106.5,105.7,106.5,-0.8,3,0,1,1,1,0,0,0,12:30,12:36,0:06,,,,,L HORN TIP BRKN,,,,,,,,
11/2/2011,DESERT,RR,PE,netgun:QS,PE158,B99,,,,66,M,3,II,108.9,,,108.9,,3,0,1,1,1,0,0,0,13:14,13:23,0:09,,,,,40 MG DEXAMETHOSONE SP IV,,,,,,,,
11/2/2011,DESERT,RR,PE,netgun:QS,PE162,O45,,,,53,F,2,,106.3,101,99,106.3,-7.3,3,0,1,1,1,0,0,1,8:02,8:08,0:06,,,,,"Ran out of the trailer and bedded down 100m later. Was alert. Wouldropnet't run off, but wouldropnet't let anyone approach. Was dead in morning. Possible back injury. Her temp plumetted while on the mat. ",,,,,,,,
11/2/2011,DESERT,RR,PE,netgun:QS,PE163,P7,,,,56,F,3.5,,103.5,101.8,,103.5,-1.7,3,0,1,1,1,0,0,1,8:19,8:24,0:05,,,,,,,,,,,,,
11/2/2011,DESERT,RR,PE,netgun:QS,PE164,O35,,,,56,F,4+,,105.1,103.7,,105.1,-1.4,3,0,1,1,1,0,0,1,8:46,8:53,0:07,,,,,RIGHT EYE SHRUNKEN; CORNEAL OPACITY AND BLIND. DIES 2/19/2012,,,,,,,,
11/2/2011,DESERT,RR,PE,netgun:QS,PE165,O5,,,,58,F,6+,,102.6,102.5,99,102.6,-3.6,3,0,1,1,1,0,0,1,9:14,9:20,0:06,,,,,Split broken tip R HORN,,,,,,,,
11/2/2011,DESERT,RR,PE,netgun:QS,,Y4,,,,58,F,2.5,,101.4,102.5,,102.5,1.1,3,0,1,1,1,0,0,1,7:44,7:50,0:06,,,,,Mortality. Lg Hematoma on right side of neck. Blunt force trauma due to capture injury. Airway closed.,,,,,,,,
11/1/2011,DESERT,RR,PE,netgun:QS,PE159,B86,,,,62,F,4+,,103.6,103.3,104,104,0.7,3,0,1,1,1,0,0,1,12:00,12:07,0:07,,,,,,,,,,,,,
11/1/2011,DESERT,RR,PE,netgun:QS,PE160,B95,,,,54,F,2,,105.9,104.2,,105.9,-1.7,3,0,1,1,1,0,0,1,14:00,14:12,0:12,,,,,,,,,,,,,
11/1/2011,DESERT,RR,PE,netgun:QS,PE161,R33,,,,62,F,4,,108.9,107.2,,108.9,-1.7,3,0,1,1,1,0,0,1,14:07,14:15,0:08,,,,,DIES ~12/12/2011. Last live 11/20.,,,,,,,,
11/1/2011,DESERT,RR,PE,netgun:QS,PE166,R6,,,,59,F,4+,,102.8,102.8,102.6,102.8,-0.2,3,0,1,1,1,0,0,1,10:44,10:53,0:09,,,,,,,,,,,,,
11/1/2011,DESERT,RR,PE,netgun:QS,PE167,R25,,,,52,F,2,,103.9,102.5,,103.9,-1.4,3,0,1,1,1,0,0,1,11:00,11:10,0:10,,,,,,,,,,,,,
10/31/2011,DESERT,NA,FC,netgun:QS,,NA,Y,,,NA,F,2,,,,,,,3,,,,,,,,,,,,,,,,,,,,,,,
10/31/2011,DESERT,NA,FC,netgun:QS,,NA,Y,,,NA,F,,,,,,,,3,,,,,,,,,,,,,,,,,,,,,,,
10/31/2011,DESERT,NA,FC,netgun:QS,,NA,Y,,,NA,F,,,,,,,,3,,,,,,,,,,,,,,,,,,,,,,,
10/31/2011,DESERT,NA,FC,netgun:QS,,NA,Y,,,NA,F,2+,,,,,,,3,,,,,,,,,,,,,,,,,,,,,,,
10/31/2011,DESERT,NA,FC,netgun:QS,,NA,Y,,,NA,F,5+,,,,,,,3,,,,,,,,,,,,,,,,,,,,,,,
10/31/2011,DESERT,NA,FC,netgun:QS,,NA,Y,,,NA,F,4+,,,,,,,3,,,,,,,,,,,,,,,,,,,,,,,
10/31/2011,DESERT,NA,FC,netgun:QS,,NA,Y,,,NA,F,,,,,,,,3,,,,,,,,,,,,,,,,,,,,,,,
10/31/2011,DESERT,NA,FC,netgun:QS,,NA,Y,,,NA,F,3,,,,,,,3,,,,,,,,,,,,,,,,,,,,,,,
10/30/2011,DESERT,FC,PE,netgun:QS,PE142,R38,,,,,F,4+,,0,,,,,3,0,1,1,1,0,0,1,,,,,,,,Heavy; VP 9,,,,,,,,
10/30/2011,DESERT,FC,PE,netgun:QS,PE143,R9,,,,58,F,4+,,103.3,103.1,102.1,103.3,-1.2,3,0,1,1,1,0,0,1,,,,,,,,VP 11,,,,,,,,
10/30/2011,DESERT,FC,PE,netgun:QS,PE144,R27,,,,57,F,8+,,104.3,104.4,,104.4,0.1,3,0,1,1,1,0,0,1,,,,,,,,VP 1,,,,,,,,
10/30/2011,DESERT,FC,PE,netgun:QS,PE145,B14,,,,,F,6+,,102,101.6,100,102,-2,3,0,1,0,1,0,0,1,,,,,,,,VP 14,,,,,,,,
10/30/2011,DESERT,FC,PE,netgun:QS,PE146,B77,,,,48,F,4,,106.5,106.3,104.6,106.5,-1.9,3,0,1,1,1,0,0,1,,,,,,,,VP 3,,,,,,,,
10/30/2011,DESERT,FC,PE,netgun:QS,PE147,R32,,,,59,F,5,,102.5,102.3,,102.5,-0.2,3,0,1,1,1,0,0,1,,,,,,,,VP 20,,,,,,,,
10/30/2011,DESERT,FC,PE,netgun:QS,PE148,B89,,,,57,F,4+,,104.8,104.4,,104.8,-0.4,3,0,1,1,1,0,0,1,,,,,,,,,,,,,,,,
10/30/2011,DESERT,FC,PE,netgun:QS,PE149,B90,,,,58,F,4+,,104.4,103.1,,104.4,-1.3,3,0,0,0,1,0,0,1,,,,,,,,,,,,,,,,
10/30/2011,DESERT,FC,PE,netgun:QS,PE150,B88,,,,42,F,1.5,,103.5,101.9,,103.5,-1.6,3,0,1,0,1,0,0,1,,,,,,,,,,,,,,,,
10/30/2011,DESERT,FC,PE,netgun:QS,PE151,B20,,,,,F,4+,,105.2,105.4,103.6,105.4,-1.8,3,0,1,1,1,0,0,1,,,,,,,,,,,,,,,,
10/30/2011,DESERT,FC,PE,netgun:QS,PE152,R10,,,,,F,2.5,,104.8,104.8,,104.8,0,3,0,1,1,1,0,0,1,,,,,,,,,,,,,,,,
11/21/2007,DESERT,NA,FC,netgun:QS,FC66,NA,Y,,,NA,M,ADULT,,NA,NA,NA,NA,,3,NA,NA,NA,NA,NA,NA,,,,,,,,,,,,,,,,,
11/21/2007,DESERT,NA,FC,netgun:QS,FC67,NA,Y,,,NA,F,ADULT,,NA,NA,NA,NA,,3,,,,,,,,,,,,,,,,,,,,,,,
11/21/2007,DESERT,NA,FC,netgun:QS,FC68,NA,Y,,,NA,M,ADULT,,NA,NA,NA,NA,,3,,,,,,,,,,,,,,,HUGE,,,,,,,,
11/21/2007,DESERT,NA,FC,netgun:QS,FC69,NA,Y,,,NA,M,5,,,,,,,3,,,,,,,,,,,,,,,,,,,,,,,
11/21/2007,DESERT,NA,FC,netgun:QS,FC70,NA,Y,,,NA,F,ADULT,,,,,,,3,,,,,,,,,,,,,,,,,,,,,,,
11/21/2007,DESERT,NA,FC,netgun:QS,FC71,NA,Y,,,NA,F,,,,,,,,3,,,,,,,,,,,,,,,OLD RT EYE INJURY; SQUIRT ANTIBIOTIC ON IT; REPLACED OLD COLLAR,,,,,,,,
11/21/2007,DESERT,NA,FC,netgun:QS,FC72,NA,Y,,,NA,F,ADULT,,,,,,,3,,,,,,,,,,,,,,,,,,,,,,,
11/21/2007,DESERT,NA,FC,netgun:QS,FC73,NA,Y,,,NA,F,ADULT,,,,,,,3,,,,,,,,,,,,,,,BROOMED LEFT HORN,,,,,,,,
11/21/2007,DESERT,NA,FC,netgun:QS,FC74,NA,Y,,,NA,M,4,,,,,,,3,,,,,,,,,,,,,,,,,,,,,,,
11/21/2007,DESERT,NA,FC,netgun:QS,FC75,NA,Y,,,NA,M,,,,,,,,3,,,,,,,,,,,,,,,,,,,,,,,
11/21/2007,DESERT,NA,FC,netgun:QS,FC76,NA,Y,,,NA,M,,II,,,,,,3,,,,,,,,,,,,,,,,,,,,,,,
11/21/2007,DESERT,NA,FC,netgun:QS,FC77,NA,Y,,,NA,F,ADULT,,,,,,,3,,,,,,,,,,,,,,,,,,,,,,,
11/21/2007,DESERT,NA,FC,netgun:QS,FC78,NA,Y,,,NA,F,ADULT,,,,,,,3,,,,,,,,,,,,,,,,,,,,,,,
11/21/2007,DESERT,NA,FC,netgun:QS,FC79,NA,Y,,,NA,M,2,,,,,,,3,,,,,,,,,,,,,,,,,,,,,,,
10/20/2003,DESERT,NA,FC,netgun,FC11,NA,Y,,,125LB,F,10+,,103.3,,,103.3,,3,0,0,0,0,0,1,,,,,,,,,,,,,,,,,
10/20/2003,DESERT,NA,FC,netgun,FC48,NA,Y,,,125LB,F,4+,,103.8,104.7,,104.7,,3,0,1,1,1,0,1,,11:42,11:47,5,11:40,,,,OLD COLLAR 13 YELLOW STRAP; PHARYNGEAL SWAB,,,,,,,,
10/20/2003,DESERT,NA,FC,netgun,FC5,NA,Y,,,,F,10+,,103.6,,,103.6,,3,0,1,1,1,0,1,,8:30,8:42,12,,,,,"small laceration upper lip; took off old collar y23, 149.160",,,,,,,,
10/20/2003,DESERT,NA,FC,netgun,FC58,NA,Y,,,135LB,M,2,,102.1,102.2,,102.2,,3,0,1,1,1,0,1,,,,,,,,,,,,,,,,,
10/20/2003,DESERT,NA,FC,netgun,FC59,NA,Y,,,120,F,,,103.6,103.9,,103.9,,3,0,0,0,0,0,0,,8:25,,,,,,,,,,,,,,,
10/20/2003,DESERT,NA,FC,netgun,FC60,NA,Y,,,130LB,F,4+,,104.1,104,104.1,104.1,,3,0,1,1,1,0,1,,9:25,9:35,10,,,,,LACERATION REAR RIGHT LEG LOWER HOCK; CUT ON MID TONGUE,,,,,,,,
10/20/2003,DESERT,NA,FC,netgun,FC61,NA,Y,,,125LB,F,3,,103.5,,,103.5,,3,0,0,0,0,0,0,,,,,,,,,,,,,,,,,
10/20/2003,DESERT,NA,FC,netgun,FC62,NA,Y,,,90LB,F,2,,104.5,104.2,,104.5,,3,0,1,1,1,0,1,,10:40,10:46,6,,,,,,,,,,,,,
10/20/2003,DESERT,NA,FC,netgun,FC63,NA,Y,,,180LB,M,4,,105,105,104.8,105,,3,0,1,1,1,0,1,,10:51,10:57,6,,,,,,,,,,,,,
10/20/2003,DESERT,NA,FC,netgun,FC64,NA,Y,,,155LB,M,3,,104.7,104.8,,104.8,,3,0,1,1,1,0,1,,11:43,11:49,6,,,,,LACERATION ON NOSE,,,,,,,,
10/19/2003,DESERT,NA,FC,netgun,FC12,NA,Y,,,140LB,F,10+,,102.6,103.4,102.8,103.4,,3,0,1,1,1,0,1,,10:38,10:49,11,10:37,10:50,0:00,,SMALL LACERATION BELOW R HORN BASE AND UPPER LIP LACERATION SUTURED,,,,,,,,
10/19/2003,DESERT,NA,FC,netgun,FC54,NA,Y,,,185LB,M,4,,110,109.7,109.3,110,,3,0,1,1,1,0,1,,8:11,8:16,5,,,,,EYES OK; SINUSITIS; BREATHING HARD; HOT RELEASE NOT WELL; TEMP OFF SCALE; RELEASED AND LAYED DOWN THEN GOT UP 9:30; 2CC BANAMINE IV,,,,,,,,
10/19/2003,DESERT,NA,FC,netgun,FC55,NA,Y,,,130LB,F,5,,102,101.7,,102,,3,0,1,0,0,0,1,,9:47,9:53,6,9:45,9:54,0:00,,"RELEASED WELL, NOT ENOUGH BLOOD DRAWN TO FILL ALL TUBES",,,,,,,,
10/19/2003,DESERT,NA,FC,netgun,FC56,NA,Y,,,150LB,M,3.5,,107.1,107.1,106.4,107.1,,3,0,1,1,1,0,1,,9:46,9:54,8,,,,,SMALL ABRASION RT EYELID; PRICKLY PEAR THORNS AROUND RIGHT EYE; BOUNDED AWAY UPON RELEASE,,,,,,,,
10/19/2003,DESERT,NA,FC,netgun,FC57,NA,Y,,,145LB,F,5,,102.6,102.7,103,103,,3,0,1,1,1,0,1,,10:42,10:55,13,,,,,,,,,,,,,
11/7/2001,DESERT,RR,SA,netgun,SAR075,O13,Y,,,NA,M,4+,III,105.4,106.1,106.1,106.1,,1,0,1,1,1,0,1,,12:45,12:55,10,12:44,12:56,12,85,STILL HAS 3 PERMANENT INCISORS,,,,,,,,
11/7/2001,DESERT,RR,SA,netgun,SAR076,R49,Y,,,NA,M,1,I,104.9,105.1,,105.1,,1,0,1,1,1,0,1,,13:15,13:20,5,13:13,13:23,10,9,PHARYNGEAL SWAB,,,,,,,,
11/7/2001,DESERT,RR,SA,netgun,SAR077,O20,Y,,,NA,M,3,III,105.6,105.6,105.6,105.6,,1,0,1,1,1,0,1,,13:15,13:24,9,13:14,13:26,12,85,2 DECIDUOUS TEETH,,,,,,,,
11/7/2001,DESERT,RR,SA,netgun,SAR078,O24,Y,,,NA,M,2,II,106.1,106.1,,106.1,,1,0,1,1,1,0,1,,13:55,14:00,5,13:53,14:02,9,77,PHARYNGEAL SWAB,,,,,,,,
11/7/2001,DESERT,RR,SA,netgun,SAR079,R37,Y,,,NA,M,,II,108,108.8,108.9,108.9,,0,0,1,1,1,0,1,,14:20,14:30,10,14:18,14:33,0:00,,PHARYNGEAL SWAB,,,,,,,,
11/6/2001,DESERT,NA,SA,netgun,SAE067,R55/R56,Y,,,,F,12,,99.9,100.9,102.1,102.1,,0,1,1,1,1,0,1,,10:12,10:24,12,10:12,10:26,14,70,,,,,,,,,
11/6/2001,DESERT,NA,SA,netgun,SAE071,O1,Y,,,,M,3,II,101.5,101.9,101.7,101.9,,0,1,1,1,1,0,1,,10:30,10:41,13,,10:43,24,73,GOOD SHAPE,,,,,,,,
11/6/2001,DESERT,NA,SA,netgun,SAR073,O8,Y,,,,M,3,III,104.7,105.4,105.9,105.9,,0,0,1,1,1,0,1,,12:03,12:11,8,,12:15,70,,,,,,,,,,
6/9/2001,DESERT,NA,SA,netgun,SAE067,R55/R56,Y,,,,F,12,,104.2,101.8,,104.2,,0,0,1,1,1,0,1,,7:42,7:49,5,,,25,75,LACERATION ON R SIDE OF MUZZLE; ALL FRONT TEETH LOOSE; UDDER DRY; DR. STOUT SEWED LACERATION,,,,,,,,
6/9/2001,DESERT,NA,SA,netgun,SAE071,O1,Y,,,,M,3,II,106.3,106.7,106.4,106.7,,0,0,1,1,1,0,1,,12:04,12:10,6,,,49,92,,,,,,,,,
6/9/2001,DESERT,NA,SA,netgun,SAR073,O8,Y,,,,M,3,II,105.4,104.8,104,105.4,,0,0,1,1,1,0,1,,8:15,8:24,9,,,38,77,DR.STOUT SEWED LACERATION ON TOP END OF NOSE; TIGHTENED RADIOCOLLAR; POUREDH20/ALCOHOL ON SAR073,,,,,,,,
3/18/2001,DESERT,NA,SA,netgun,SAE071,O1,Y,,,,M,3,II,107.6,,,107.6,,0,0,1,1,1,0,1,,,,10,,,,,MOVED NORTH; HIT FENCE; TEAR IN SHOULDR~1.5,,,,,,,,
2/22/2001,DESERT,NA,SA,netgun,SAR073,O8,Y,,,,M,3,,106.8,107.3,107.2,107.3,,0,0,1,1,1,0,1,,16:10,16:20,10,,,,75,ABRASIONS ON GUMS AROUND MOUTH ONE SMALL ABRASION ON LEFT SIDE AND R SIDE BLOOD FROM BOTH NOSTRILS,,,,,,,,
9/24/2000,DESERT,NA,SA,netgun,SAE067,R55/R56,Y,,,,F,11.5,,101,101.3,101.5,101.5,,0,0,1,1,1,0,1,,8:35,8:42,7,,,22,0:00,BOTH HORN SHEATHS AND CORES OFF; LACERATION ON RIGHT EAR; OTH HORN CORE BASES BLEEDING SLIGHTLY,,,,,,,,
9/24/2000,DESERT,NA,SA,netgun,SAE069,O4,Y,,,,M,4.5,II,102.3,,,102.3,,0,0,1,1,1,0,1,,8:00,8:10,10,,,,,,,,,,,,,
9/24/2000,DESERT,NA,SA,netgun,SAE071,O1,Y,,,,M,2.5,I,106,,,106,,0,0,1,1,1,0,1,,10:00,10:15,15,,,,75,LAYED IN SUM APPROXIMATELY 15 MINUTES AFTER RELEASED,,,,,,,,
9/24/2000,DESERT,NA,SA,netgun,SAR072,O2,Y,,,,M,4.5,III,107.4,,,107.4,,0,0,1,1,1,0,1,,12:15,12:20,5,,,,,,,,,,,,,
4/13/2000,DESERT,NA,SA,netgun,SAE071,O1,Y,,,,M,2,I,102.3,102.9,102.4,102.9,,0,0,1,1,1,0,1,,10:30,11:00,30,,11:15,45,70,COLLAR ABRASIONS; NO SIGNE SOF SCABIE LESIONS; LONG HOLDING TIME IN CAMP; LONG DISTANCE CHOPPER TRANSPORT,,,,,,,,
4/13/2000,DESERT,NA,SA,netgun,SAR073,O8,Y,,,,M,2+,I,104.8,103.9,103.2,104.8,,0,0,1,1,1,0,1,,9:50,10:05,15,,10:43,,62,NECK ABRASION FROM COLLAR; SMALL ABRASION ON STOMACH; SOME BLOOD BETWEEN HORNS. MARKEDLY LARGE LEFT MANDIBLE,,,,,,,,
11/20/1999,DESERT,RR,SA,netgun,SAE069,O4,Y,,,84,M,3,II,101.9,101.7,103.6,103.6,,3,1,1,1,1,0,1,,9:00,9:10,10,8:57,9:10,13,,,,,,,,,,
11/20/1999,DESERT,RR,SA,netgun,SAE070,O13,Y,,,77,M,2+,II,103.9,104.4,103.5,104.4,,3,1,1,1,1,0,1,,8:59,9:09,10,,9:10,1,,,,,,,,,,
11/20/1999,DESERT,RR,SA,netgun,SAE071,O1,Y,,,71,M,1.5,II,104,106.6,108.9,108.9,,3,1,1,1,1,0,1,,8:34,8:55,21,,8:57,23,,IV FLUIDS; GOOD CAPILLARY REFLEXES PINK MUCOUS MEMBRANES AND BELCIHING; APPEAR TO BE ALERT IN GOOD SHAPE; SHEEP ROLLED OVER ON BACK DURING DELIVERY,,,,,,,,
11/20/1999,DESERT,RR,SA,netgun,SAR072,O2,Y,,,81,M,,,104.6,105.5,104.5,105.5,,3,1,1,1,1,0,1,,8:15,8:26,11,,8:27,,55,DOUSED WITH ALCOHOL SWABS; GREEN PAINT ON RUMP; BANAMINE; DEXAMETHAZOLE; RAM LOOKED IN GOOD CONDITION,,,,,,,,
11/20/1999,DESERT,RR,SA,netgun,SAR073,O8,Y,,,62,M,1.5,,107,107.4,107.7,107.7,,3,1,1,1,1,0,1,,8:03,8:26,23,,8:28,0:00,0:00,RELEASE WENT SMOOTHLY,,,,,,,,
11/20/1999,DESERT,RR,SA,netgun,SAR074,O22,Y,,,89,M,9,IV,99.3,99.6,98.8,99.6,,0,1,1,1,1,0,1,,7:17,7:40,23,,14:00,,60,,,,,,,,,
11/19/1999,DESERT,NA,FC,netgun,FC5,NA,Y,,,NA,F,6.5,,103.2,,,103.2,,3,0,1,1,1,0,0,,8:57,9:03,6,8:57,9:03,0:00,59,,,,,,,,,
11/17/1999,DESERT,NA,FC,netgun,FC11,NA,Y,,,48,F,10+,,105.3,105.4,,105.4,,3,1,1,1,1,0,1,,10:00,10:05,5,,,,68,,,,,,,,,
11/17/1999,DESERT,NA,FC,netgun,FC12,NA,Y,,,61.5,F,5.5,,102.6,103,,103,,3,1,1,1,1,0,1,,9:05,9:12,7,,,,,,,,,,,,,
11/17/1999,DESERT,NA,FC,netgun,FC13,NA,Y,,,NA,F,8.5,,102,103,103.8,103.8,,3,1,1,1,1,0,1,,6:58,7:04,6,,,,,,,,,,,,,
11/17/1999,DESERT,NA,FC,netgun,FC14,NA,Y,,,54,F,6.5,,104,,,104,,3,1,1,1,1,0,1,,12:11,12:16,5,,,,,,,,,,,,,
11/17/1999,DESERT,NA,FC,netgun,FC16,NA,Y,,,62,F,5.5,,103.2,,,103.2,,3,1,1,1,1,0,1,,11:32,11:38,6,,,,,,,,,,,,,
11/17/1999,DESERT,NA,FC,netgun,FC20,NA,Y,,,NA,F,7.5,,101.5,101.7,101.7,101.7,,3,1,1,1,1,0,1,,8:59,9:07,8,,,,59,"EARS WERE FOLDED, SHRUNKEN; CHECK EAR SWAB",,,,,,,,
11/17/1999,DESERT,NA,FC,netgun,FC47,NA,Y,,,66.5,F,5.5,,105.7,,,105.7,,3,1,1,1,1,0,1,,7:24,7:29,5,7:23,7:29,6,47,RECAPTURE @ 8:33; HANDLING TIME 3 MIN TEMP 106.7,,,,,,,,
11/17/1999,DESERT,NA,FC,netgun,FC48,NA,Y,,,52,F,3,,103.8,,,103.8,,3,1,1,1,1,0,1,,7:38,7:44,6,7:38,7:44,6,55,,,,,,,,,
11/17/1999,DESERT,NA,FC,netgun,FC49,NA,Y,,,58,F,2.5,,104.5,104.5,104.6,104.6,,3,1,1,1,1,0,1,,8:44,8:48,4,,,,56,,,,,,,,,
11/17/1999,DESERT,NA,FC,netgun,FC50,NA,Y,,,56,F,5.5,,105.8,,,105.8,,3,1,1,1,1,0,1,,10:31,10:44,13,,,,65,,,,,,,,,
11/17/1999,DESERT,NA,FC,netgun,FC51,NA,Y,,,65,F,2.5,,NA,,,NA,,3,1,1,1,1,0,1,,10:38,10:52,14,,,,65,,,,,,,,,
11/17/1999,DESERT,NA,FC,netgun,FC52,NA,Y,,,46,F,2.5,,105.3,,,105.3,,3,1,1,1,1,0,1,,10:38,10:49,11,,,,,,,,,,,,,
11/17/1999,DESERT,NA,FC,netgun,FC53,NA,Y,,,NA,F,5.5,,106.6,,,106.6,,3,1,1,1,1,0,1,,10:40,10:49,9,10:38,10:49,11,65,,,,,,,,,
11/17/1999,DESERT,NA,FC,netgun,FC7,NA,Y,,,NA,F,6.5,,103.1,103.2,,103.2,,3,0,1,1,1,0,0,,9:07,9:20,13,9:07,9:20,,,,,,,,,,,
11/17/1999,DESERT,NA,FC,netgun,FC8,NA,Y,,,64,F,10+,,105.6,106.2,105.7,106.2,,3,1,1,1,1,0,1,,7:18,7:24,6,,,,,,,,,,,,,
9/25/1999,DESERT,NA,SA,netgun,SAE067,R55/R56,Y,,,130LB,F,11,,103.6,101.7,,103.6,,3,1,1,1,1,0,1,,,,,,,60,57,NOT LACTATING,,,,,,,,
8/4/1998,Rocky,PC,MZ,dropnet,MZ14,W26,Y,,,156LB,F,5+,,105.1,105.3,,105.3,,3,1,1,1,1,0,0,,14:12,14:20,8,,,11,,LACTATING,,,,,,,,
8/3/1998,Rocky,PC,MZ,dart,MZ,W47,Y,,,165LB,F,5+,,103.6,,,103.6,,3,1,1,1,1,0,0,,12:40,12:52,12,,,14,,,,,,,,,,
8/3/1998,Rocky,PC,MZ,,MZ,W40,Y,,,154LB,M,3.5,,105,106.4,107,107,,3,1,0,0,1,0,0,,13:12,13:25,13,,,16,,,,,,,,,,
8/3/1998,Rocky,PC,MZ,dropnet,MZ,W31,N,,,33LB,F,LAMB,,105,105.6,105.3,105.6,,3,0,1,1,1,0,0,,13:13,13:24,11,,,15,,,,,,,,,,
8/3/1998,Rocky,PC,MZ,dropnet,MZ,W48,N,,,22LB,F,LAMB,,102.8,102.1,,102.8,,3,0,1,1,1,0,0,,13:13,13:20,7,,,12,,,,,,,,,,
8/3/1998,Rocky,PC,MZ,dropnet,MZ,W44,Y,,,143LB,F,3,,104,,,104,,3,1,1,1,1,0,0,,13:20,13:32,12,,,30,,,,,,,,,,
8/3/1998,Rocky,PC,MZ,dropnet,MZ,W49,Y,,,170LB,F,4,,106,106.4,106.3,106.4,,3,1,1,1,1,0,0,,13:29,13:39,10,,,30,,LACTATING,,,,,,,,
8/3/1998,Rocky,PC,MZ,dropnet,MZ,W38,Y,,,NA,F,3.5,,106.2,107.8,107.4,107.8,,3,1,1,1,1,0,0,,13:30,13:48,18,,,46,,LACTATING,,,,,,,,
8/3/1998,Rocky,PC,MZ,dropnet,MZ,O23,N,,,40LB,F,LAMB,,104.5,105,105.4,105.4,,3,0,1,1,1,0,0,,13:52,13:59,7,,,10,,,,,,,,,,
8/3/1998,Rocky,PC,MZ,dropnet,MZ,O8,Y,,,165LB,F,5+,,103.8,,,103.8,,3,1,1,1,1,0,0,,13:52,14:01,9,,,11,,LACTATING,,,,,,,,
8/3/1998,Rocky,PC,MZ,dropnet,MZ,W37,N,,,40LB,F,LAMB,,105,105.3,105.8,105.8,,3,0,1,1,1,0,0,,13:55,14:03,8,,,13,,,,,,,,,,
8/3/1998,Rocky,PC,MZ,dropnet,MZ,O11,Y,,,146LB,F,4,,104.9,105.3,105.5,105.5,,3,1,1,1,1,0,0,,14:00,14:10,10,,,21,,LACTATING,,,,,,,,
8/3/1998,Rocky,PC,MZ,dropnet,MZ,O12,Y,,,154LB,F,7,,103.1,106,106.7,106.7,,3,1,1,1,1,0,0,,14:04,14:13,9,,,25,,,,,,,,,,
8/3/1998,Rocky,PC,MZ,dart,MZ,W36,Y,,,257LB,M,9,IV,105.8,106,105.9,106,,3,1,1,1,1,0,0,,15:03,15:16,13,,,16,,,,,,,,,,
11/19/1997,DESERT,RR,FC,netgun,FC40,NA,Y,,,156LB,M,2,,106.5,105.1,105.5,106.5,,3,0,1,1,1,0,0,,11:11,12:21,10,,,,58,,,,,,,,,
11/19/1997,DESERT,RR,FC,netgun,FC41,NA,Y,,,156LB,M,1+,,105.7,105.6,,105.7,,3,0,1,1,1,0,0,,11:11,11:19,8,,,,63,,,,,,,,,
11/19/1997,DESERT,RR,FC,netgun,FC42,NA,Y,,,194LB,F,3,,102,101,,102,,3,0,1,1,1,0,0,,12:30,12:39,9,,,,65,ABRASION TO LEFT NOSTRIL,,,,,,,,
11/19/1997,DESERT,RR,FC,netgun,FC43,NA,Y,,,167LB,M,5,,103.2,103.8,102.1,103.8,,3,0,1,1,1,0,0,,12:45,12:55,10,,,,60,,,,,,,,,
11/19/1997,DESERT,RR,FC,netgun,FC44,NA,Y,,,191LB,M,5,,104.8,,,104.8,,3,0,1,1,1,0,0,,12:48,12:54,6,,,,69,,,,,,,,,
11/18/1997,DESERT,RR,FC,netgun,FC45,NA,Y,,,189LB,M,6,,107,106.4,,107,,3,0,1,1,1,0,0,,14:41,14:52,11,,,,60,,,,,,,,,
11/18/1997,DESERT,RR,FC,netgun,FC46,NA,Y,,,207LB,M,3,,106.8,107,105.7,107,,3,0,1,1,1,0,0,,14:42,15:19,27,,,,68,,,,,,,,,
4/6/1997,DESERT,NA,SA,netgun,SAE067,R55/R56,Y,,,NA,F,8,,104,,,104,,3,0,0,0,0,0,1,,,,,,,13,70,NOT LACTATING,,,,,,,,
4/6/1997,DESERT,NA,SA,netgun,SAR066,B59/B58,Y,,,NA,M,6+,III,106,,,106,,3,0,0,0,0,0,1,,,,,,,30,70,,,,,,,,,
2018,,,,,,,,,,,,,,,,,,,,,,,,,,,,,,,,,,,,,,,,,,
,,,,,,,,,,,,,,,,,,,,,,,,,,,,,,,,,,,,,,,,,,
,,,,,,,,,,,,,,,,,,,,,,,,,,,,,,,,,,,,,,,,,,
,,,,,,,,,,,,,,,,,,,,,,,,,,,,,,,,,,,,,,,,,,
,,,,,,,,,,,,,,,,,,,,,,,,,,,,,,,,,,,,,,,,,,
,,,,,,,,,,,,,,,,,,,,,,,,,,,,,,,,,,,,,,,,,,
,,,,,,,,,,,,,,,,,,,,,,,,,,,,,,,,,,,,,,,,,,
,,,,,,,,,,,,,,,,,,,,,,,,,,,,,,,,,,,,,,,,,,
,,,,,,,,,,,,,,,,,,,,,,,,,,,,,,,,,,,,,,,,,,
,,,,,,,,,,,,,,,,,,,,,,,,,,,,,,,,,,,,,,,,,,
,,,,,,,,,,,,,,,,,,,,,,,,,,,,,,,,,,,,,,,,,,
,,,,,,,,,,,,,,,,,,,,,,,,,,,,,,,,,,,,,,,,,,
,,,,,,,,,,,,,,,,,,,,,,,,,,,,,,,,,,,,,,,,,,
